"area","type","value","CIlow","CIup","period_start","period_end","coverage","data_updated"
"Birmingham","Cases",32.9,21,47.4,"2021-04-04","2021-04-10",0.9,"2021-04-08"
"Birmingham","Cases",23.2,11.8,41.6,"2021-04-11","2021-04-17",0.9,"2021-04-08"
"Birmingham","Cases",16.9,6.5,35.4,"2021-04-18","2021-04-24",0.9,"2021-04-08"
"Birmingham","Infections",66.9,51.5,88.1,"2021-03-21","2021-03-27",0.9,"2021-04-08"
"Birmingham","Infections",49,32,72.2,"2021-03-28","2021-04-03",0.9,"2021-04-08"
"Birmingham","Infections",35.2,18.8,62.8,"2021-04-04","2021-04-10",0.9,"2021-04-08"
"Birmingham","Infections",26.1,11.1,55.4,"2021-04-11","2021-04-17",0.9,"2021-04-08"
"Birmingham","Infections",19.2,6.3,49.9,"2021-04-18","2021-04-24",0.9,"2021-04-08"
"Birmingham","P(Cases>100)",0,NA,NA,"2021-04-04","2021-04-10",NA,"2021-04-08"
"Birmingham","P(Cases>100)",0,NA,NA,"2021-04-11","2021-04-17",NA,"2021-04-08"
"Birmingham","P(Cases>100)",0,NA,NA,"2021-04-18","2021-04-24",NA,"2021-04-08"
"Birmingham","P(Cases>20)",0.96,NA,NA,"2021-04-04","2021-04-10",NA,"2021-04-08"
"Birmingham","P(Cases>20)",0.65,NA,NA,"2021-04-11","2021-04-17",NA,"2021-04-08"
"Birmingham","P(Cases>20)",0.38,NA,NA,"2021-04-18","2021-04-24",NA,"2021-04-08"
"Birmingham","P(Cases>200)",0,NA,NA,"2021-04-04","2021-04-10",NA,"2021-04-08"
"Birmingham","P(Cases>200)",0,NA,NA,"2021-04-11","2021-04-17",NA,"2021-04-08"
"Birmingham","P(Cases>200)",0,NA,NA,"2021-04-18","2021-04-24",NA,"2021-04-08"
"Birmingham","P(Cases>300)",0,NA,NA,"2021-04-04","2021-04-10",NA,"2021-04-08"
"Birmingham","P(Cases>300)",0,NA,NA,"2021-04-11","2021-04-17",NA,"2021-04-08"
"Birmingham","P(Cases>300)",0,NA,NA,"2021-04-18","2021-04-24",NA,"2021-04-08"
"Birmingham","P(Cases>50)",0.03,NA,NA,"2021-04-04","2021-04-10",NA,"2021-04-08"
"Birmingham","P(Cases>50)",0.01,NA,NA,"2021-04-11","2021-04-17",NA,"2021-04-08"
"Birmingham","P(Cases>50)",0.01,NA,NA,"2021-04-18","2021-04-24",NA,"2021-04-08"
"Birmingham","P(Cases>500)",0,NA,NA,"2021-04-04","2021-04-10",NA,"2021-04-08"
"Birmingham","P(Cases>500)",0,NA,NA,"2021-04-11","2021-04-17",NA,"2021-04-08"
"Birmingham","P(Cases>500)",0,NA,NA,"2021-04-18","2021-04-24",NA,"2021-04-08"
"Birmingham","P(R>1)",0.01,NA,NA,"2021-03-28","2021-04-03",NA,"2021-04-08"
"Birmingham","R",0.72,0.54,0.9,"2021-04-05","2021-04-05",0.9,"2021-04-08"
"Bromsgrove","Cases",18.2,4.1,45.6,"2021-04-04","2021-04-10",0.9,"2021-04-08"
"Bromsgrove","Cases",13.2,2,40.5,"2021-04-11","2021-04-17",0.9,"2021-04-08"
"Bromsgrove","Cases",10.1,0,36.5,"2021-04-18","2021-04-24",0.9,"2021-04-08"
"Bromsgrove","Infections",48.5,26.3,78.7,"2021-03-21","2021-03-27",0.9,"2021-04-08"
"Bromsgrove","Infections",36.4,15.9,70.8,"2021-03-28","2021-04-03",0.9,"2021-04-08"
"Bromsgrove","Infections",27.9,9.4,63.4,"2021-04-04","2021-04-10",0.9,"2021-04-08"
"Bromsgrove","Infections",20.9,5.3,58.8,"2021-04-11","2021-04-17",0.9,"2021-04-08"
"Bromsgrove","Infections",15.7,3.1,55.4,"2021-04-18","2021-04-24",0.9,"2021-04-08"
"Bromsgrove","P(Cases>100)",0,NA,NA,"2021-04-04","2021-04-10",NA,"2021-04-08"
"Bromsgrove","P(Cases>100)",0,NA,NA,"2021-04-11","2021-04-17",NA,"2021-04-08"
"Bromsgrove","P(Cases>100)",0,NA,NA,"2021-04-18","2021-04-24",NA,"2021-04-08"
"Bromsgrove","P(Cases>20)",0.44,NA,NA,"2021-04-04","2021-04-10",NA,"2021-04-08"
"Bromsgrove","P(Cases>20)",0.31,NA,NA,"2021-04-11","2021-04-17",NA,"2021-04-08"
"Bromsgrove","P(Cases>20)",0.21,NA,NA,"2021-04-18","2021-04-24",NA,"2021-04-08"
"Bromsgrove","P(Cases>200)",0,NA,NA,"2021-04-04","2021-04-10",NA,"2021-04-08"
"Bromsgrove","P(Cases>200)",0,NA,NA,"2021-04-11","2021-04-17",NA,"2021-04-08"
"Bromsgrove","P(Cases>200)",0,NA,NA,"2021-04-18","2021-04-24",NA,"2021-04-08"
"Bromsgrove","P(Cases>300)",0,NA,NA,"2021-04-04","2021-04-10",NA,"2021-04-08"
"Bromsgrove","P(Cases>300)",0,NA,NA,"2021-04-11","2021-04-17",NA,"2021-04-08"
"Bromsgrove","P(Cases>300)",0,NA,NA,"2021-04-18","2021-04-24",NA,"2021-04-08"
"Bromsgrove","P(Cases>50)",0.03,NA,NA,"2021-04-04","2021-04-10",NA,"2021-04-08"
"Bromsgrove","P(Cases>50)",0.02,NA,NA,"2021-04-11","2021-04-17",NA,"2021-04-08"
"Bromsgrove","P(Cases>50)",0.01,NA,NA,"2021-04-18","2021-04-24",NA,"2021-04-08"
"Bromsgrove","P(Cases>500)",0,NA,NA,"2021-04-04","2021-04-10",NA,"2021-04-08"
"Bromsgrove","P(Cases>500)",0,NA,NA,"2021-04-11","2021-04-17",NA,"2021-04-08"
"Bromsgrove","P(Cases>500)",0,NA,NA,"2021-04-18","2021-04-24",NA,"2021-04-08"
"Bromsgrove","P(R>1)",0.01,NA,NA,"2021-03-28","2021-04-03",NA,"2021-04-08"
"Bromsgrove","R",0.75,0.58,0.94,"2021-04-05","2021-04-05",0.9,"2021-04-08"
"Cannock Chase","Cases",19,6,44,"2021-04-04","2021-04-10",0.9,"2021-04-08"
"Cannock Chase","Cases",13,2,36.8,"2021-04-11","2021-04-17",0.9,"2021-04-08"
"Cannock Chase","Cases",9,1,32,"2021-04-18","2021-04-24",0.9,"2021-04-08"
"Cannock Chase","Infections",58.2,33.5,93.9,"2021-03-21","2021-03-27",0.9,"2021-04-08"
"Cannock Chase","Infections",41.5,20.8,76.9,"2021-03-28","2021-04-03",0.9,"2021-04-08"
"Cannock Chase","Infections",30.1,12.6,67.3,"2021-04-04","2021-04-10",0.9,"2021-04-08"
"Cannock Chase","Infections",22.1,7.2,58.5,"2021-04-11","2021-04-17",0.9,"2021-04-08"
"Cannock Chase","Infections",16.2,3.9,50.5,"2021-04-18","2021-04-24",0.9,"2021-04-08"
"Cannock Chase","P(Cases>100)",0,NA,NA,"2021-04-04","2021-04-10",NA,"2021-04-08"
"Cannock Chase","P(Cases>100)",0,NA,NA,"2021-04-11","2021-04-17",NA,"2021-04-08"
"Cannock Chase","P(Cases>100)",0,NA,NA,"2021-04-18","2021-04-24",NA,"2021-04-08"
"Cannock Chase","P(Cases>20)",0.45,NA,NA,"2021-04-04","2021-04-10",NA,"2021-04-08"
"Cannock Chase","P(Cases>20)",0.27,NA,NA,"2021-04-11","2021-04-17",NA,"2021-04-08"
"Cannock Chase","P(Cases>20)",0.17,NA,NA,"2021-04-18","2021-04-24",NA,"2021-04-08"
"Cannock Chase","P(Cases>200)",0,NA,NA,"2021-04-04","2021-04-10",NA,"2021-04-08"
"Cannock Chase","P(Cases>200)",0,NA,NA,"2021-04-11","2021-04-17",NA,"2021-04-08"
"Cannock Chase","P(Cases>200)",0,NA,NA,"2021-04-18","2021-04-24",NA,"2021-04-08"
"Cannock Chase","P(Cases>300)",0,NA,NA,"2021-04-04","2021-04-10",NA,"2021-04-08"
"Cannock Chase","P(Cases>300)",0,NA,NA,"2021-04-11","2021-04-17",NA,"2021-04-08"
"Cannock Chase","P(Cases>300)",0,NA,NA,"2021-04-18","2021-04-24",NA,"2021-04-08"
"Cannock Chase","P(Cases>50)",0.02,NA,NA,"2021-04-04","2021-04-10",NA,"2021-04-08"
"Cannock Chase","P(Cases>50)",0.01,NA,NA,"2021-04-11","2021-04-17",NA,"2021-04-08"
"Cannock Chase","P(Cases>50)",0.01,NA,NA,"2021-04-18","2021-04-24",NA,"2021-04-08"
"Cannock Chase","P(Cases>500)",0,NA,NA,"2021-04-04","2021-04-10",NA,"2021-04-08"
"Cannock Chase","P(Cases>500)",0,NA,NA,"2021-04-11","2021-04-17",NA,"2021-04-08"
"Cannock Chase","P(Cases>500)",0,NA,NA,"2021-04-18","2021-04-24",NA,"2021-04-08"
"Cannock Chase","P(R>1)",0.01,NA,NA,"2021-03-28","2021-04-03",NA,"2021-04-08"
"Cannock Chase","R",0.72,0.58,0.88,"2021-04-05","2021-04-05",0.9,"2021-04-08"
"Coventry","Cases",31.1,17.4,50.2,"2021-04-04","2021-04-10",0.9,"2021-04-08"
"Coventry","Cases",24.8,11.7,45.2,"2021-04-11","2021-04-17",0.9,"2021-04-08"
"Coventry","Cases",19.6,7.4,43,"2021-04-18","2021-04-24",0.9,"2021-04-08"
"Coventry","Infections",57.4,41.1,79.1,"2021-03-21","2021-03-27",0.9,"2021-04-08"
"Coventry","Infections",46.4,29.6,71.4,"2021-03-28","2021-04-03",0.9,"2021-04-08"
"Coventry","Infections",37.9,20.9,65.6,"2021-04-04","2021-04-10",0.9,"2021-04-08"
"Coventry","Infections",30.6,14.5,62.3,"2021-04-11","2021-04-17",0.9,"2021-04-08"
"Coventry","Infections",24.8,10.2,59.8,"2021-04-18","2021-04-24",0.9,"2021-04-08"
"Coventry","P(Cases>100)",0,NA,NA,"2021-04-04","2021-04-10",NA,"2021-04-08"
"Coventry","P(Cases>100)",0,NA,NA,"2021-04-11","2021-04-17",NA,"2021-04-08"
"Coventry","P(Cases>100)",0,NA,NA,"2021-04-18","2021-04-24",NA,"2021-04-08"
"Coventry","P(Cases>20)",0.89,NA,NA,"2021-04-04","2021-04-10",NA,"2021-04-08"
"Coventry","P(Cases>20)",0.68,NA,NA,"2021-04-11","2021-04-17",NA,"2021-04-08"
"Coventry","P(Cases>20)",0.49,NA,NA,"2021-04-18","2021-04-24",NA,"2021-04-08"
"Coventry","P(Cases>200)",0,NA,NA,"2021-04-04","2021-04-10",NA,"2021-04-08"
"Coventry","P(Cases>200)",0,NA,NA,"2021-04-11","2021-04-17",NA,"2021-04-08"
"Coventry","P(Cases>200)",0,NA,NA,"2021-04-18","2021-04-24",NA,"2021-04-08"
"Coventry","P(Cases>300)",0,NA,NA,"2021-04-04","2021-04-10",NA,"2021-04-08"
"Coventry","P(Cases>300)",0,NA,NA,"2021-04-11","2021-04-17",NA,"2021-04-08"
"Coventry","P(Cases>300)",0,NA,NA,"2021-04-18","2021-04-24",NA,"2021-04-08"
"Coventry","P(Cases>50)",0.06,NA,NA,"2021-04-04","2021-04-10",NA,"2021-04-08"
"Coventry","P(Cases>50)",0.03,NA,NA,"2021-04-11","2021-04-17",NA,"2021-04-08"
"Coventry","P(Cases>50)",0.02,NA,NA,"2021-04-18","2021-04-24",NA,"2021-04-08"
"Coventry","P(Cases>500)",0,NA,NA,"2021-04-04","2021-04-10",NA,"2021-04-08"
"Coventry","P(Cases>500)",0,NA,NA,"2021-04-11","2021-04-17",NA,"2021-04-08"
"Coventry","P(Cases>500)",0,NA,NA,"2021-04-18","2021-04-24",NA,"2021-04-08"
"Coventry","P(R>1)",0.02,NA,NA,"2021-03-28","2021-04-03",NA,"2021-04-08"
"Coventry","R",0.8,0.68,0.96,"2021-04-05","2021-04-05",0.9,"2021-04-08"
"Dudley","Cases",39.9,21.8,65.2,"2021-04-04","2021-04-10",0.9,"2021-04-08"
"Dudley","Cases",32.1,14.3,63.9,"2021-04-11","2021-04-17",0.9,"2021-04-08"
"Dudley","Cases",26.5,8.4,62.3,"2021-04-18","2021-04-24",0.9,"2021-04-08"
"Dudley","Infections",86.8,62.1,122,"2021-03-21","2021-03-27",0.9,"2021-04-08"
"Dudley","Infections",70.7,42.5,112.3,"2021-03-28","2021-04-03",0.9,"2021-04-08"
"Dudley","Infections",58.1,28.1,113.4,"2021-04-04","2021-04-10",0.9,"2021-04-08"
"Dudley","Infections",47,18.1,112.4,"2021-04-11","2021-04-17",0.9,"2021-04-08"
"Dudley","Infections",38,11.5,112.3,"2021-04-18","2021-04-24",0.9,"2021-04-08"
"Dudley","P(Cases>100)",0,NA,NA,"2021-04-04","2021-04-10",NA,"2021-04-08"
"Dudley","P(Cases>100)",0,NA,NA,"2021-04-11","2021-04-17",NA,"2021-04-08"
"Dudley","P(Cases>100)",0,NA,NA,"2021-04-18","2021-04-24",NA,"2021-04-08"
"Dudley","P(Cases>20)",0.97,NA,NA,"2021-04-04","2021-04-10",NA,"2021-04-08"
"Dudley","P(Cases>20)",0.85,NA,NA,"2021-04-11","2021-04-17",NA,"2021-04-08"
"Dudley","P(Cases>20)",0.68,NA,NA,"2021-04-18","2021-04-24",NA,"2021-04-08"
"Dudley","P(Cases>200)",0,NA,NA,"2021-04-04","2021-04-10",NA,"2021-04-08"
"Dudley","P(Cases>200)",0,NA,NA,"2021-04-11","2021-04-17",NA,"2021-04-08"
"Dudley","P(Cases>200)",0,NA,NA,"2021-04-18","2021-04-24",NA,"2021-04-08"
"Dudley","P(Cases>300)",0,NA,NA,"2021-04-04","2021-04-10",NA,"2021-04-08"
"Dudley","P(Cases>300)",0,NA,NA,"2021-04-11","2021-04-17",NA,"2021-04-08"
"Dudley","P(Cases>300)",0,NA,NA,"2021-04-18","2021-04-24",NA,"2021-04-08"
"Dudley","P(Cases>50)",0.23,NA,NA,"2021-04-04","2021-04-10",NA,"2021-04-08"
"Dudley","P(Cases>50)",0.15,NA,NA,"2021-04-11","2021-04-17",NA,"2021-04-08"
"Dudley","P(Cases>50)",0.12,NA,NA,"2021-04-18","2021-04-24",NA,"2021-04-08"
"Dudley","P(Cases>500)",0,NA,NA,"2021-04-04","2021-04-10",NA,"2021-04-08"
"Dudley","P(Cases>500)",0,NA,NA,"2021-04-11","2021-04-17",NA,"2021-04-08"
"Dudley","P(Cases>500)",0,NA,NA,"2021-04-18","2021-04-24",NA,"2021-04-08"
"Dudley","P(R>1)",0.06,NA,NA,"2021-03-28","2021-04-03",NA,"2021-04-08"
"Dudley","R",0.81,0.61,1.01,"2021-04-05","2021-04-05",0.9,"2021-04-08"
"East Staffordshire","Cases",32.9,12.7,63.3,"2021-04-04","2021-04-10",0.9,"2021-04-08"
"East Staffordshire","Cases",23.6,5.9,55.7,"2021-04-11","2021-04-17",0.9,"2021-04-08"
"East Staffordshire","Cases",17.7,3.4,45.5,"2021-04-18","2021-04-24",0.9,"2021-04-08"
"East Staffordshire","Infections",111.3,73,164.7,"2021-03-21","2021-03-27",0.9,"2021-04-08"
"East Staffordshire","Infections",80.4,45.1,136.9,"2021-03-28","2021-04-03",0.9,"2021-04-08"
"East Staffordshire","Infections",59.1,29.1,118.6,"2021-04-04","2021-04-10",0.9,"2021-04-08"
"East Staffordshire","Infections",44.4,17.5,99.1,"2021-04-11","2021-04-17",0.9,"2021-04-08"
"East Staffordshire","Infections",33.1,10.1,89.3,"2021-04-18","2021-04-24",0.9,"2021-04-08"
"East Staffordshire","P(Cases>100)",0,NA,NA,"2021-04-04","2021-04-10",NA,"2021-04-08"
"East Staffordshire","P(Cases>100)",0,NA,NA,"2021-04-11","2021-04-17",NA,"2021-04-08"
"East Staffordshire","P(Cases>100)",0,NA,NA,"2021-04-18","2021-04-24",NA,"2021-04-08"
"East Staffordshire","P(Cases>20)",0.83,NA,NA,"2021-04-04","2021-04-10",NA,"2021-04-08"
"East Staffordshire","P(Cases>20)",0.62,NA,NA,"2021-04-11","2021-04-17",NA,"2021-04-08"
"East Staffordshire","P(Cases>20)",0.43,NA,NA,"2021-04-18","2021-04-24",NA,"2021-04-08"
"East Staffordshire","P(Cases>200)",0,NA,NA,"2021-04-04","2021-04-10",NA,"2021-04-08"
"East Staffordshire","P(Cases>200)",0,NA,NA,"2021-04-11","2021-04-17",NA,"2021-04-08"
"East Staffordshire","P(Cases>200)",0,NA,NA,"2021-04-18","2021-04-24",NA,"2021-04-08"
"East Staffordshire","P(Cases>300)",0,NA,NA,"2021-04-04","2021-04-10",NA,"2021-04-08"
"East Staffordshire","P(Cases>300)",0,NA,NA,"2021-04-11","2021-04-17",NA,"2021-04-08"
"East Staffordshire","P(Cases>300)",0,NA,NA,"2021-04-18","2021-04-24",NA,"2021-04-08"
"East Staffordshire","P(Cases>50)",0.14,NA,NA,"2021-04-04","2021-04-10",NA,"2021-04-08"
"East Staffordshire","P(Cases>50)",0.08,NA,NA,"2021-04-11","2021-04-17",NA,"2021-04-08"
"East Staffordshire","P(Cases>50)",0.03,NA,NA,"2021-04-18","2021-04-24",NA,"2021-04-08"
"East Staffordshire","P(Cases>500)",0,NA,NA,"2021-04-04","2021-04-10",NA,"2021-04-08"
"East Staffordshire","P(Cases>500)",0,NA,NA,"2021-04-11","2021-04-17",NA,"2021-04-08"
"East Staffordshire","P(Cases>500)",0,NA,NA,"2021-04-18","2021-04-24",NA,"2021-04-08"
"East Staffordshire","P(R>1)",0,NA,NA,"2021-03-28","2021-04-03",NA,"2021-04-08"
"East Staffordshire","R",0.73,0.58,0.88,"2021-04-05","2021-04-05",0.9,"2021-04-08"
"Herefordshire, County of","Cases",14.1,2.6,35.3,"2021-04-04","2021-04-10",0.9,"2021-04-08"
"Herefordshire, County of","Cases",10.4,1,35.4,"2021-04-11","2021-04-17",0.9,"2021-04-08"
"Herefordshire, County of","Cases",7.8,0.5,36.9,"2021-04-18","2021-04-24",0.9,"2021-04-08"
"Herefordshire, County of","Infections",42.8,21.8,76.2,"2021-03-21","2021-03-27",0.9,"2021-04-08"
"Herefordshire, County of","Infections",33.4,12.8,76,"2021-03-28","2021-04-03",0.9,"2021-04-08"
"Herefordshire, County of","Infections",26.4,6.8,80.5,"2021-04-04","2021-04-10",0.9,"2021-04-08"
"Herefordshire, County of","Infections",19.6,3.7,84.4,"2021-04-11","2021-04-17",0.9,"2021-04-08"
"Herefordshire, County of","Infections",15.6,2,90.7,"2021-04-18","2021-04-24",0.9,"2021-04-08"
"Herefordshire, County of","P(Cases>100)",0,NA,NA,"2021-04-04","2021-04-10",NA,"2021-04-08"
"Herefordshire, County of","P(Cases>100)",0,NA,NA,"2021-04-11","2021-04-17",NA,"2021-04-08"
"Herefordshire, County of","P(Cases>100)",0,NA,NA,"2021-04-18","2021-04-24",NA,"2021-04-08"
"Herefordshire, County of","P(Cases>20)",0.28,NA,NA,"2021-04-04","2021-04-10",NA,"2021-04-08"
"Herefordshire, County of","P(Cases>20)",0.21,NA,NA,"2021-04-11","2021-04-17",NA,"2021-04-08"
"Herefordshire, County of","P(Cases>20)",0.19,NA,NA,"2021-04-18","2021-04-24",NA,"2021-04-08"
"Herefordshire, County of","P(Cases>200)",0,NA,NA,"2021-04-04","2021-04-10",NA,"2021-04-08"
"Herefordshire, County of","P(Cases>200)",0,NA,NA,"2021-04-11","2021-04-17",NA,"2021-04-08"
"Herefordshire, County of","P(Cases>200)",0,NA,NA,"2021-04-18","2021-04-24",NA,"2021-04-08"
"Herefordshire, County of","P(Cases>300)",0,NA,NA,"2021-04-04","2021-04-10",NA,"2021-04-08"
"Herefordshire, County of","P(Cases>300)",0,NA,NA,"2021-04-11","2021-04-17",NA,"2021-04-08"
"Herefordshire, County of","P(Cases>300)",0,NA,NA,"2021-04-18","2021-04-24",NA,"2021-04-08"
"Herefordshire, County of","P(Cases>50)",0.01,NA,NA,"2021-04-04","2021-04-10",NA,"2021-04-08"
"Herefordshire, County of","P(Cases>50)",0.01,NA,NA,"2021-04-11","2021-04-17",NA,"2021-04-08"
"Herefordshire, County of","P(Cases>50)",0.02,NA,NA,"2021-04-18","2021-04-24",NA,"2021-04-08"
"Herefordshire, County of","P(Cases>500)",0,NA,NA,"2021-04-04","2021-04-10",NA,"2021-04-08"
"Herefordshire, County of","P(Cases>500)",0,NA,NA,"2021-04-11","2021-04-17",NA,"2021-04-08"
"Herefordshire, County of","P(Cases>500)",0,NA,NA,"2021-04-18","2021-04-24",NA,"2021-04-08"
"Herefordshire, County of","P(R>1)",0.11,NA,NA,"2021-03-28","2021-04-03",NA,"2021-04-08"
"Herefordshire, County of","R",0.77,0.5,1.09,"2021-04-05","2021-04-05",0.9,"2021-04-08"
"Lichfield","Cases",28.9,11.5,57.7,"2021-04-04","2021-04-10",0.9,"2021-04-08"
"Lichfield","Cases",23.1,6.7,51.9,"2021-04-11","2021-04-17",0.9,"2021-04-08"
"Lichfield","Cases",18.3,2.9,51,"2021-04-18","2021-04-24",0.9,"2021-04-08"
"Lichfield","Infections",91.6,55.5,146.3,"2021-03-21","2021-03-27",0.9,"2021-04-08"
"Lichfield","Infections",73.6,38.1,129,"2021-03-28","2021-04-03",0.9,"2021-04-08"
"Lichfield","Infections",57.5,25.7,126.4,"2021-04-04","2021-04-10",0.9,"2021-04-08"
"Lichfield","Infections",46.1,16.8,120.4,"2021-04-11","2021-04-17",0.9,"2021-04-08"
"Lichfield","Infections",35.3,10.5,114.2,"2021-04-18","2021-04-24",0.9,"2021-04-08"
"Lichfield","P(Cases>100)",0,NA,NA,"2021-04-04","2021-04-10",NA,"2021-04-08"
"Lichfield","P(Cases>100)",0,NA,NA,"2021-04-11","2021-04-17",NA,"2021-04-08"
"Lichfield","P(Cases>100)",0,NA,NA,"2021-04-18","2021-04-24",NA,"2021-04-08"
"Lichfield","P(Cases>20)",0.78,NA,NA,"2021-04-04","2021-04-10",NA,"2021-04-08"
"Lichfield","P(Cases>20)",0.61,NA,NA,"2021-04-11","2021-04-17",NA,"2021-04-08"
"Lichfield","P(Cases>20)",0.46,NA,NA,"2021-04-18","2021-04-24",NA,"2021-04-08"
"Lichfield","P(Cases>200)",0,NA,NA,"2021-04-04","2021-04-10",NA,"2021-04-08"
"Lichfield","P(Cases>200)",0,NA,NA,"2021-04-11","2021-04-17",NA,"2021-04-08"
"Lichfield","P(Cases>200)",0,NA,NA,"2021-04-18","2021-04-24",NA,"2021-04-08"
"Lichfield","P(Cases>300)",0,NA,NA,"2021-04-04","2021-04-10",NA,"2021-04-08"
"Lichfield","P(Cases>300)",0,NA,NA,"2021-04-11","2021-04-17",NA,"2021-04-08"
"Lichfield","P(Cases>300)",0,NA,NA,"2021-04-18","2021-04-24",NA,"2021-04-08"
"Lichfield","P(Cases>50)",0.12,NA,NA,"2021-04-04","2021-04-10",NA,"2021-04-08"
"Lichfield","P(Cases>50)",0.06,NA,NA,"2021-04-11","2021-04-17",NA,"2021-04-08"
"Lichfield","P(Cases>50)",0.06,NA,NA,"2021-04-18","2021-04-24",NA,"2021-04-08"
"Lichfield","P(Cases>500)",0,NA,NA,"2021-04-04","2021-04-10",NA,"2021-04-08"
"Lichfield","P(Cases>500)",0,NA,NA,"2021-04-11","2021-04-17",NA,"2021-04-08"
"Lichfield","P(Cases>500)",0,NA,NA,"2021-04-18","2021-04-24",NA,"2021-04-08"
"Lichfield","P(R>1)",0.04,NA,NA,"2021-03-28","2021-04-03",NA,"2021-04-08"
"Lichfield","R",0.78,0.64,0.97,"2021-04-05","2021-04-05",0.9,"2021-04-08"
"Malvern Hills","Cases",9,0,29.2,"2021-04-04","2021-04-10",0.9,"2021-04-08"
"Malvern Hills","Cases",6.4,0,24.3,"2021-04-11","2021-04-17",0.9,"2021-04-08"
"Malvern Hills","Cases",3.8,0,20.5,"2021-04-18","2021-04-24",0.9,"2021-04-08"
"Malvern Hills","Infections",36.4,18.4,67.6,"2021-03-21","2021-03-27",0.9,"2021-04-08"
"Malvern Hills","Infections",25.5,10.3,53.4,"2021-03-28","2021-04-03",0.9,"2021-04-08"
"Malvern Hills","Infections",17.7,5.6,43,"2021-04-04","2021-04-10",0.9,"2021-04-08"
"Malvern Hills","Infections",12.6,2.9,34.4,"2021-04-11","2021-04-17",0.9,"2021-04-08"
"Malvern Hills","Infections",8.3,1.3,28.5,"2021-04-18","2021-04-24",0.9,"2021-04-08"
"Malvern Hills","P(Cases>100)",0,NA,NA,"2021-04-04","2021-04-10",NA,"2021-04-08"
"Malvern Hills","P(Cases>100)",0,NA,NA,"2021-04-11","2021-04-17",NA,"2021-04-08"
"Malvern Hills","P(Cases>100)",0,NA,NA,"2021-04-18","2021-04-24",NA,"2021-04-08"
"Malvern Hills","P(Cases>20)",0.17,NA,NA,"2021-04-04","2021-04-10",NA,"2021-04-08"
"Malvern Hills","P(Cases>20)",0.1,NA,NA,"2021-04-11","2021-04-17",NA,"2021-04-08"
"Malvern Hills","P(Cases>20)",0.05,NA,NA,"2021-04-18","2021-04-24",NA,"2021-04-08"
"Malvern Hills","P(Cases>200)",0,NA,NA,"2021-04-04","2021-04-10",NA,"2021-04-08"
"Malvern Hills","P(Cases>200)",0,NA,NA,"2021-04-11","2021-04-17",NA,"2021-04-08"
"Malvern Hills","P(Cases>200)",0,NA,NA,"2021-04-18","2021-04-24",NA,"2021-04-08"
"Malvern Hills","P(Cases>300)",0,NA,NA,"2021-04-04","2021-04-10",NA,"2021-04-08"
"Malvern Hills","P(Cases>300)",0,NA,NA,"2021-04-11","2021-04-17",NA,"2021-04-08"
"Malvern Hills","P(Cases>300)",0,NA,NA,"2021-04-18","2021-04-24",NA,"2021-04-08"
"Malvern Hills","P(Cases>50)",0,NA,NA,"2021-04-04","2021-04-10",NA,"2021-04-08"
"Malvern Hills","P(Cases>50)",0,NA,NA,"2021-04-11","2021-04-17",NA,"2021-04-08"
"Malvern Hills","P(Cases>50)",0,NA,NA,"2021-04-18","2021-04-24",NA,"2021-04-08"
"Malvern Hills","P(Cases>500)",0,NA,NA,"2021-04-04","2021-04-10",NA,"2021-04-08"
"Malvern Hills","P(Cases>500)",0,NA,NA,"2021-04-11","2021-04-17",NA,"2021-04-08"
"Malvern Hills","P(Cases>500)",0,NA,NA,"2021-04-18","2021-04-24",NA,"2021-04-08"
"Malvern Hills","P(R>1)",0,NA,NA,"2021-03-28","2021-04-03",NA,"2021-04-08"
"Malvern Hills","R",0.7,0.59,0.81,"2021-04-05","2021-04-05",0.9,"2021-04-08"
"Newcastle-under-Lyme","Cases",24.7,10,48.7,"2021-04-04","2021-04-10",0.9,"2021-04-08"
"Newcastle-under-Lyme","Cases",18.5,5.4,44.6,"2021-04-11","2021-04-17",0.9,"2021-04-08"
"Newcastle-under-Lyme","Cases",13.9,2.3,38.5,"2021-04-18","2021-04-24",0.9,"2021-04-08"
"Newcastle-under-Lyme","Infections",79.3,50.9,124.4,"2021-03-21","2021-03-27",0.9,"2021-04-08"
"Newcastle-under-Lyme","Infections",60.8,32.9,107.8,"2021-03-28","2021-04-03",0.9,"2021-04-08"
"Newcastle-under-Lyme","Infections",46,21,95.6,"2021-04-04","2021-04-10",0.9,"2021-04-08"
"Newcastle-under-Lyme","Infections",35.2,13.1,87.6,"2021-04-11","2021-04-17",0.9,"2021-04-08"
"Newcastle-under-Lyme","Infections",26.7,7.6,79.4,"2021-04-18","2021-04-24",0.9,"2021-04-08"
"Newcastle-under-Lyme","P(Cases>100)",0,NA,NA,"2021-04-04","2021-04-10",NA,"2021-04-08"
"Newcastle-under-Lyme","P(Cases>100)",0,NA,NA,"2021-04-11","2021-04-17",NA,"2021-04-08"
"Newcastle-under-Lyme","P(Cases>100)",0,NA,NA,"2021-04-18","2021-04-24",NA,"2021-04-08"
"Newcastle-under-Lyme","P(Cases>20)",0.67,NA,NA,"2021-04-04","2021-04-10",NA,"2021-04-08"
"Newcastle-under-Lyme","P(Cases>20)",0.45,NA,NA,"2021-04-11","2021-04-17",NA,"2021-04-08"
"Newcastle-under-Lyme","P(Cases>20)",0.32,NA,NA,"2021-04-18","2021-04-24",NA,"2021-04-08"
"Newcastle-under-Lyme","P(Cases>200)",0,NA,NA,"2021-04-04","2021-04-10",NA,"2021-04-08"
"Newcastle-under-Lyme","P(Cases>200)",0,NA,NA,"2021-04-11","2021-04-17",NA,"2021-04-08"
"Newcastle-under-Lyme","P(Cases>200)",0,NA,NA,"2021-04-18","2021-04-24",NA,"2021-04-08"
"Newcastle-under-Lyme","P(Cases>300)",0,NA,NA,"2021-04-04","2021-04-10",NA,"2021-04-08"
"Newcastle-under-Lyme","P(Cases>300)",0,NA,NA,"2021-04-11","2021-04-17",NA,"2021-04-08"
"Newcastle-under-Lyme","P(Cases>300)",0,NA,NA,"2021-04-18","2021-04-24",NA,"2021-04-08"
"Newcastle-under-Lyme","P(Cases>50)",0.05,NA,NA,"2021-04-04","2021-04-10",NA,"2021-04-08"
"Newcastle-under-Lyme","P(Cases>50)",0.03,NA,NA,"2021-04-11","2021-04-17",NA,"2021-04-08"
"Newcastle-under-Lyme","P(Cases>50)",0.01,NA,NA,"2021-04-18","2021-04-24",NA,"2021-04-08"
"Newcastle-under-Lyme","P(Cases>500)",0,NA,NA,"2021-04-04","2021-04-10",NA,"2021-04-08"
"Newcastle-under-Lyme","P(Cases>500)",0,NA,NA,"2021-04-11","2021-04-17",NA,"2021-04-08"
"Newcastle-under-Lyme","P(Cases>500)",0,NA,NA,"2021-04-18","2021-04-24",NA,"2021-04-08"
"Newcastle-under-Lyme","P(R>1)",0.01,NA,NA,"2021-03-28","2021-04-03",NA,"2021-04-08"
"Newcastle-under-Lyme","R",0.75,0.6,0.92,"2021-04-05","2021-04-05",0.9,"2021-04-08"
"North Warwickshire","Cases",66.3,26.2,128,"2021-04-04","2021-04-10",0.9,"2021-04-08"
"North Warwickshire","Cases",57.1,18.5,123.1,"2021-04-11","2021-04-17",0.9,"2021-04-08"
"North Warwickshire","Cases",49.3,12.3,123.4,"2021-04-18","2021-04-24",0.9,"2021-04-08"
"North Warwickshire","Infections",166.6,101.9,261.9,"2021-03-21","2021-03-27",0.9,"2021-04-08"
"North Warwickshire","Infections",141.8,77.7,259.3,"2021-03-28","2021-04-03",0.9,"2021-04-08"
"North Warwickshire","Infections",121.9,56.3,264.4,"2021-04-04","2021-04-10",0.9,"2021-04-08"
"North Warwickshire","Infections",105.1,40.7,266.5,"2021-04-11","2021-04-17",0.9,"2021-04-08"
"North Warwickshire","Infections",90,29.3,276.3,"2021-04-18","2021-04-24",0.9,"2021-04-08"
"North Warwickshire","P(Cases>100)",0.18,NA,NA,"2021-04-04","2021-04-10",NA,"2021-04-08"
"North Warwickshire","P(Cases>100)",0.13,NA,NA,"2021-04-11","2021-04-17",NA,"2021-04-08"
"North Warwickshire","P(Cases>100)",0.12,NA,NA,"2021-04-18","2021-04-24",NA,"2021-04-08"
"North Warwickshire","P(Cases>20)",0.98,NA,NA,"2021-04-04","2021-04-10",NA,"2021-04-08"
"North Warwickshire","P(Cases>20)",0.95,NA,NA,"2021-04-11","2021-04-17",NA,"2021-04-08"
"North Warwickshire","P(Cases>20)",0.87,NA,NA,"2021-04-18","2021-04-24",NA,"2021-04-08"
"North Warwickshire","P(Cases>200)",0,NA,NA,"2021-04-04","2021-04-10",NA,"2021-04-08"
"North Warwickshire","P(Cases>200)",0,NA,NA,"2021-04-11","2021-04-17",NA,"2021-04-08"
"North Warwickshire","P(Cases>200)",0,NA,NA,"2021-04-18","2021-04-24",NA,"2021-04-08"
"North Warwickshire","P(Cases>300)",0,NA,NA,"2021-04-04","2021-04-10",NA,"2021-04-08"
"North Warwickshire","P(Cases>300)",0,NA,NA,"2021-04-11","2021-04-17",NA,"2021-04-08"
"North Warwickshire","P(Cases>300)",0,NA,NA,"2021-04-18","2021-04-24",NA,"2021-04-08"
"North Warwickshire","P(Cases>50)",0.72,NA,NA,"2021-04-04","2021-04-10",NA,"2021-04-08"
"North Warwickshire","P(Cases>50)",0.59,NA,NA,"2021-04-11","2021-04-17",NA,"2021-04-08"
"North Warwickshire","P(Cases>50)",0.5,NA,NA,"2021-04-18","2021-04-24",NA,"2021-04-08"
"North Warwickshire","P(Cases>500)",0,NA,NA,"2021-04-04","2021-04-10",NA,"2021-04-08"
"North Warwickshire","P(Cases>500)",0,NA,NA,"2021-04-11","2021-04-17",NA,"2021-04-08"
"North Warwickshire","P(Cases>500)",0,NA,NA,"2021-04-18","2021-04-24",NA,"2021-04-08"
"North Warwickshire","P(R>1)",0.1,NA,NA,"2021-03-28","2021-04-03",NA,"2021-04-08"
"North Warwickshire","R",0.86,0.72,1.05,"2021-04-05","2021-04-05",0.9,"2021-04-08"
"Nuneaton and Bedworth","Cases",28.7,11.6,55.9,"2021-04-04","2021-04-10",0.9,"2021-04-08"
"Nuneaton and Bedworth","Cases",21.7,7,50.4,"2021-04-11","2021-04-17",0.9,"2021-04-08"
"Nuneaton and Bedworth","Cases",17.1,3.9,47.3,"2021-04-18","2021-04-24",0.9,"2021-04-08"
"Nuneaton and Bedworth","Infections",67.8,43.9,106.7,"2021-03-21","2021-03-27",0.9,"2021-04-08"
"Nuneaton and Bedworth","Infections",53.1,28.4,93.4,"2021-03-28","2021-04-03",0.9,"2021-04-08"
"Nuneaton and Bedworth","Infections",41.8,20,85.9,"2021-04-04","2021-04-10",0.9,"2021-04-08"
"Nuneaton and Bedworth","Infections",32.5,12.5,79.3,"2021-04-11","2021-04-17",0.9,"2021-04-08"
"Nuneaton and Bedworth","Infections",25.2,7.5,72,"2021-04-18","2021-04-24",0.9,"2021-04-08"
"Nuneaton and Bedworth","P(Cases>100)",0,NA,NA,"2021-04-04","2021-04-10",NA,"2021-04-08"
"Nuneaton and Bedworth","P(Cases>100)",0,NA,NA,"2021-04-11","2021-04-17",NA,"2021-04-08"
"Nuneaton and Bedworth","P(Cases>100)",0,NA,NA,"2021-04-18","2021-04-24",NA,"2021-04-08"
"Nuneaton and Bedworth","P(Cases>20)",0.77,NA,NA,"2021-04-04","2021-04-10",NA,"2021-04-08"
"Nuneaton and Bedworth","P(Cases>20)",0.58,NA,NA,"2021-04-11","2021-04-17",NA,"2021-04-08"
"Nuneaton and Bedworth","P(Cases>20)",0.42,NA,NA,"2021-04-18","2021-04-24",NA,"2021-04-08"
"Nuneaton and Bedworth","P(Cases>200)",0,NA,NA,"2021-04-04","2021-04-10",NA,"2021-04-08"
"Nuneaton and Bedworth","P(Cases>200)",0,NA,NA,"2021-04-11","2021-04-17",NA,"2021-04-08"
"Nuneaton and Bedworth","P(Cases>200)",0,NA,NA,"2021-04-18","2021-04-24",NA,"2021-04-08"
"Nuneaton and Bedworth","P(Cases>300)",0,NA,NA,"2021-04-04","2021-04-10",NA,"2021-04-08"
"Nuneaton and Bedworth","P(Cases>300)",0,NA,NA,"2021-04-11","2021-04-17",NA,"2021-04-08"
"Nuneaton and Bedworth","P(Cases>300)",0,NA,NA,"2021-04-18","2021-04-24",NA,"2021-04-08"
"Nuneaton and Bedworth","P(Cases>50)",0.08,NA,NA,"2021-04-04","2021-04-10",NA,"2021-04-08"
"Nuneaton and Bedworth","P(Cases>50)",0.05,NA,NA,"2021-04-11","2021-04-17",NA,"2021-04-08"
"Nuneaton and Bedworth","P(Cases>50)",0.04,NA,NA,"2021-04-18","2021-04-24",NA,"2021-04-08"
"Nuneaton and Bedworth","P(Cases>500)",0,NA,NA,"2021-04-04","2021-04-10",NA,"2021-04-08"
"Nuneaton and Bedworth","P(Cases>500)",0,NA,NA,"2021-04-11","2021-04-17",NA,"2021-04-08"
"Nuneaton and Bedworth","P(Cases>500)",0,NA,NA,"2021-04-18","2021-04-24",NA,"2021-04-08"
"Nuneaton and Bedworth","P(R>1)",0.02,NA,NA,"2021-03-28","2021-04-03",NA,"2021-04-08"
"Nuneaton and Bedworth","R",0.78,0.63,0.95,"2021-04-05","2021-04-05",0.9,"2021-04-08"
"Redditch","Cases",47.1,17.6,93,"2021-04-04","2021-04-10",0.9,"2021-04-08"
"Redditch","Cases",32.9,9.4,76.5,"2021-04-11","2021-04-17",0.9,"2021-04-08"
"Redditch","Cases",24.7,3.5,73,"2021-04-18","2021-04-24",0.9,"2021-04-08"
"Redditch","Infections",121.3,72.6,183.7,"2021-03-21","2021-03-27",0.9,"2021-04-08"
"Redditch","Infections",88.9,46.7,159.4,"2021-03-28","2021-04-03",0.9,"2021-04-08"
"Redditch","Infections",65.1,25.7,140.1,"2021-04-04","2021-04-10",0.9,"2021-04-08"
"Redditch","Infections",47.8,13.5,122.9,"2021-04-11","2021-04-17",0.9,"2021-04-08"
"Redditch","Infections",36.4,6.9,111,"2021-04-18","2021-04-24",0.9,"2021-04-08"
"Redditch","P(Cases>100)",0.03,NA,NA,"2021-04-04","2021-04-10",NA,"2021-04-08"
"Redditch","P(Cases>100)",0.01,NA,NA,"2021-04-11","2021-04-17",NA,"2021-04-08"
"Redditch","P(Cases>100)",0.01,NA,NA,"2021-04-18","2021-04-24",NA,"2021-04-08"
"Redditch","P(Cases>20)",0.93,NA,NA,"2021-04-04","2021-04-10",NA,"2021-04-08"
"Redditch","P(Cases>20)",0.77,NA,NA,"2021-04-11","2021-04-17",NA,"2021-04-08"
"Redditch","P(Cases>20)",0.61,NA,NA,"2021-04-18","2021-04-24",NA,"2021-04-08"
"Redditch","P(Cases>200)",0,NA,NA,"2021-04-04","2021-04-10",NA,"2021-04-08"
"Redditch","P(Cases>200)",0,NA,NA,"2021-04-11","2021-04-17",NA,"2021-04-08"
"Redditch","P(Cases>200)",0,NA,NA,"2021-04-18","2021-04-24",NA,"2021-04-08"
"Redditch","P(Cases>300)",0,NA,NA,"2021-04-04","2021-04-10",NA,"2021-04-08"
"Redditch","P(Cases>300)",0,NA,NA,"2021-04-11","2021-04-17",NA,"2021-04-08"
"Redditch","P(Cases>300)",0,NA,NA,"2021-04-18","2021-04-24",NA,"2021-04-08"
"Redditch","P(Cases>50)",0.43,NA,NA,"2021-04-04","2021-04-10",NA,"2021-04-08"
"Redditch","P(Cases>50)",0.24,NA,NA,"2021-04-11","2021-04-17",NA,"2021-04-08"
"Redditch","P(Cases>50)",0.14,NA,NA,"2021-04-18","2021-04-24",NA,"2021-04-08"
"Redditch","P(Cases>500)",0,NA,NA,"2021-04-04","2021-04-10",NA,"2021-04-08"
"Redditch","P(Cases>500)",0,NA,NA,"2021-04-11","2021-04-17",NA,"2021-04-08"
"Redditch","P(Cases>500)",0,NA,NA,"2021-04-18","2021-04-24",NA,"2021-04-08"
"Redditch","P(R>1)",0.01,NA,NA,"2021-03-28","2021-04-03",NA,"2021-04-08"
"Redditch","R",0.73,0.54,0.91,"2021-04-05","2021-04-05",0.9,"2021-04-08"
"Rugby","Cases",51.3,22.6,93.1,"2021-04-04","2021-04-10",0.9,"2021-04-08"
"Rugby","Cases",43.8,15.1,91.4,"2021-04-11","2021-04-17",0.9,"2021-04-08"
"Rugby","Cases",36.4,11.2,89.6,"2021-04-18","2021-04-24",0.9,"2021-04-08"
"Rugby","Infections",108.8,69.4,163.2,"2021-03-21","2021-03-27",0.9,"2021-04-08"
"Rugby","Infections",92.2,52,157.6,"2021-03-28","2021-04-03",0.9,"2021-04-08"
"Rugby","Infections",78.3,37.6,157.4,"2021-04-04","2021-04-10",0.9,"2021-04-08"
"Rugby","Infections",66.7,25.8,159.9,"2021-04-11","2021-04-17",0.9,"2021-04-08"
"Rugby","Infections",56.5,17.7,166.6,"2021-04-18","2021-04-24",0.9,"2021-04-08"
"Rugby","P(Cases>100)",0.03,NA,NA,"2021-04-04","2021-04-10",NA,"2021-04-08"
"Rugby","P(Cases>100)",0.03,NA,NA,"2021-04-11","2021-04-17",NA,"2021-04-08"
"Rugby","P(Cases>100)",0.03,NA,NA,"2021-04-18","2021-04-24",NA,"2021-04-08"
"Rugby","P(Cases>20)",0.96,NA,NA,"2021-04-04","2021-04-10",NA,"2021-04-08"
"Rugby","P(Cases>20)",0.9,NA,NA,"2021-04-11","2021-04-17",NA,"2021-04-08"
"Rugby","P(Cases>20)",0.82,NA,NA,"2021-04-18","2021-04-24",NA,"2021-04-08"
"Rugby","P(Cases>200)",0,NA,NA,"2021-04-04","2021-04-10",NA,"2021-04-08"
"Rugby","P(Cases>200)",0,NA,NA,"2021-04-11","2021-04-17",NA,"2021-04-08"
"Rugby","P(Cases>200)",0,NA,NA,"2021-04-18","2021-04-24",NA,"2021-04-08"
"Rugby","P(Cases>300)",0,NA,NA,"2021-04-04","2021-04-10",NA,"2021-04-08"
"Rugby","P(Cases>300)",0,NA,NA,"2021-04-11","2021-04-17",NA,"2021-04-08"
"Rugby","P(Cases>300)",0,NA,NA,"2021-04-18","2021-04-24",NA,"2021-04-08"
"Rugby","P(Cases>50)",0.52,NA,NA,"2021-04-04","2021-04-10",NA,"2021-04-08"
"Rugby","P(Cases>50)",0.39,NA,NA,"2021-04-11","2021-04-17",NA,"2021-04-08"
"Rugby","P(Cases>50)",0.31,NA,NA,"2021-04-18","2021-04-24",NA,"2021-04-08"
"Rugby","P(Cases>500)",0,NA,NA,"2021-04-04","2021-04-10",NA,"2021-04-08"
"Rugby","P(Cases>500)",0,NA,NA,"2021-04-11","2021-04-17",NA,"2021-04-08"
"Rugby","P(Cases>500)",0,NA,NA,"2021-04-18","2021-04-24",NA,"2021-04-08"
"Rugby","P(R>1)",0.09,NA,NA,"2021-03-28","2021-04-03",NA,"2021-04-08"
"Rugby","R",0.85,0.7,1.04,"2021-04-05","2021-04-05",0.9,"2021-04-08"
"Sandwell","Cases",42.8,22,70.8,"2021-04-04","2021-04-10",0.9,"2021-04-08"
"Sandwell","Cases",33.9,13.4,66.5,"2021-04-11","2021-04-17",0.9,"2021-04-08"
"Sandwell","Cases",25,7.9,62,"2021-04-18","2021-04-24",0.9,"2021-04-08"
"Sandwell","Infections",98.6,72.3,136.8,"2021-03-21","2021-03-27",0.9,"2021-04-08"
"Sandwell","Infections",76,45.5,121.2,"2021-03-28","2021-04-03",0.9,"2021-04-08"
"Sandwell","Infections",59.6,27.5,113.3,"2021-04-04","2021-04-10",0.9,"2021-04-08"
"Sandwell","Infections",46.5,17.1,106.1,"2021-04-11","2021-04-17",0.9,"2021-04-08"
"Sandwell","Infections",36.7,9.5,105.1,"2021-04-18","2021-04-24",0.9,"2021-04-08"
"Sandwell","P(Cases>100)",0,NA,NA,"2021-04-04","2021-04-10",NA,"2021-04-08"
"Sandwell","P(Cases>100)",0,NA,NA,"2021-04-11","2021-04-17",NA,"2021-04-08"
"Sandwell","P(Cases>100)",0.01,NA,NA,"2021-04-18","2021-04-24",NA,"2021-04-08"
"Sandwell","P(Cases>20)",0.97,NA,NA,"2021-04-04","2021-04-10",NA,"2021-04-08"
"Sandwell","P(Cases>20)",0.85,NA,NA,"2021-04-11","2021-04-17",NA,"2021-04-08"
"Sandwell","P(Cases>20)",0.65,NA,NA,"2021-04-18","2021-04-24",NA,"2021-04-08"
"Sandwell","P(Cases>200)",0,NA,NA,"2021-04-04","2021-04-10",NA,"2021-04-08"
"Sandwell","P(Cases>200)",0,NA,NA,"2021-04-11","2021-04-17",NA,"2021-04-08"
"Sandwell","P(Cases>200)",0,NA,NA,"2021-04-18","2021-04-24",NA,"2021-04-08"
"Sandwell","P(Cases>300)",0,NA,NA,"2021-04-04","2021-04-10",NA,"2021-04-08"
"Sandwell","P(Cases>300)",0,NA,NA,"2021-04-11","2021-04-17",NA,"2021-04-08"
"Sandwell","P(Cases>300)",0,NA,NA,"2021-04-18","2021-04-24",NA,"2021-04-08"
"Sandwell","P(Cases>50)",0.32,NA,NA,"2021-04-04","2021-04-10",NA,"2021-04-08"
"Sandwell","P(Cases>50)",0.19,NA,NA,"2021-04-11","2021-04-17",NA,"2021-04-08"
"Sandwell","P(Cases>50)",0.1,NA,NA,"2021-04-18","2021-04-24",NA,"2021-04-08"
"Sandwell","P(Cases>500)",0,NA,NA,"2021-04-04","2021-04-10",NA,"2021-04-08"
"Sandwell","P(Cases>500)",0,NA,NA,"2021-04-11","2021-04-17",NA,"2021-04-08"
"Sandwell","P(Cases>500)",0,NA,NA,"2021-04-18","2021-04-24",NA,"2021-04-08"
"Sandwell","P(R>1)",0.03,NA,NA,"2021-03-28","2021-04-03",NA,"2021-04-08"
"Sandwell","R",0.77,0.57,0.97,"2021-04-05","2021-04-05",0.9,"2021-04-08"
"Shropshire","Cases",10.6,3.1,24.7,"2021-04-04","2021-04-10",0.9,"2021-04-08"
"Shropshire","Cases",7.5,1.2,22.1,"2021-04-11","2021-04-17",0.9,"2021-04-08"
"Shropshire","Cases",5.3,0.3,21.8,"2021-04-18","2021-04-24",0.9,"2021-04-08"
"Shropshire","Infections",33.2,20,52.5,"2021-03-21","2021-03-27",0.9,"2021-04-08"
"Shropshire","Infections",23.2,10.8,45.7,"2021-03-28","2021-04-03",0.9,"2021-04-08"
"Shropshire","Infections",16.5,5.7,44,"2021-04-04","2021-04-10",0.9,"2021-04-08"
"Shropshire","Infections",11.4,2.7,42.5,"2021-04-11","2021-04-17",0.9,"2021-04-08"
"Shropshire","Infections",8.3,1.3,45.1,"2021-04-18","2021-04-24",0.9,"2021-04-08"
"Shropshire","P(Cases>100)",0,NA,NA,"2021-04-04","2021-04-10",NA,"2021-04-08"
"Shropshire","P(Cases>100)",0,NA,NA,"2021-04-11","2021-04-17",NA,"2021-04-08"
"Shropshire","P(Cases>100)",0,NA,NA,"2021-04-18","2021-04-24",NA,"2021-04-08"
"Shropshire","P(Cases>20)",0.13,NA,NA,"2021-04-04","2021-04-10",NA,"2021-04-08"
"Shropshire","P(Cases>20)",0.06,NA,NA,"2021-04-11","2021-04-17",NA,"2021-04-08"
"Shropshire","P(Cases>20)",0.06,NA,NA,"2021-04-18","2021-04-24",NA,"2021-04-08"
"Shropshire","P(Cases>200)",0,NA,NA,"2021-04-04","2021-04-10",NA,"2021-04-08"
"Shropshire","P(Cases>200)",0,NA,NA,"2021-04-11","2021-04-17",NA,"2021-04-08"
"Shropshire","P(Cases>200)",0,NA,NA,"2021-04-18","2021-04-24",NA,"2021-04-08"
"Shropshire","P(Cases>300)",0,NA,NA,"2021-04-04","2021-04-10",NA,"2021-04-08"
"Shropshire","P(Cases>300)",0,NA,NA,"2021-04-11","2021-04-17",NA,"2021-04-08"
"Shropshire","P(Cases>300)",0,NA,NA,"2021-04-18","2021-04-24",NA,"2021-04-08"
"Shropshire","P(Cases>50)",0,NA,NA,"2021-04-04","2021-04-10",NA,"2021-04-08"
"Shropshire","P(Cases>50)",0,NA,NA,"2021-04-11","2021-04-17",NA,"2021-04-08"
"Shropshire","P(Cases>50)",0,NA,NA,"2021-04-18","2021-04-24",NA,"2021-04-08"
"Shropshire","P(Cases>500)",0,NA,NA,"2021-04-04","2021-04-10",NA,"2021-04-08"
"Shropshire","P(Cases>500)",0,NA,NA,"2021-04-11","2021-04-17",NA,"2021-04-08"
"Shropshire","P(Cases>500)",0,NA,NA,"2021-04-18","2021-04-24",NA,"2021-04-08"
"Shropshire","P(R>1)",0.05,NA,NA,"2021-03-28","2021-04-03",NA,"2021-04-08"
"Shropshire","R",0.69,0.47,0.99,"2021-04-05","2021-04-05",0.9,"2021-04-08"
"Solihull","Cases",31.6,14.9,54.9,"2021-04-04","2021-04-10",0.9,"2021-04-08"
"Solihull","Cases",25.1,8.8,50.3,"2021-04-11","2021-04-17",0.9,"2021-04-08"
"Solihull","Cases",19.5,6,43.3,"2021-04-18","2021-04-24",0.9,"2021-04-08"
"Solihull","Infections",78.7,52.5,112.6,"2021-03-21","2021-03-27",0.9,"2021-04-08"
"Solihull","Infections",63,37.1,100.5,"2021-03-28","2021-04-03",0.9,"2021-04-08"
"Solihull","Infections",50.9,26.2,91.7,"2021-04-04","2021-04-10",0.9,"2021-04-08"
"Solihull","Infections",40.7,17.8,84.7,"2021-04-11","2021-04-17",0.9,"2021-04-08"
"Solihull","Infections",31.9,12.1,79.1,"2021-04-18","2021-04-24",0.9,"2021-04-08"
"Solihull","P(Cases>100)",0,NA,NA,"2021-04-04","2021-04-10",NA,"2021-04-08"
"Solihull","P(Cases>100)",0,NA,NA,"2021-04-11","2021-04-17",NA,"2021-04-08"
"Solihull","P(Cases>100)",0,NA,NA,"2021-04-18","2021-04-24",NA,"2021-04-08"
"Solihull","P(Cases>20)",0.86,NA,NA,"2021-04-04","2021-04-10",NA,"2021-04-08"
"Solihull","P(Cases>20)",0.67,NA,NA,"2021-04-11","2021-04-17",NA,"2021-04-08"
"Solihull","P(Cases>20)",0.5,NA,NA,"2021-04-18","2021-04-24",NA,"2021-04-08"
"Solihull","P(Cases>200)",0,NA,NA,"2021-04-04","2021-04-10",NA,"2021-04-08"
"Solihull","P(Cases>200)",0,NA,NA,"2021-04-11","2021-04-17",NA,"2021-04-08"
"Solihull","P(Cases>200)",0,NA,NA,"2021-04-18","2021-04-24",NA,"2021-04-08"
"Solihull","P(Cases>300)",0,NA,NA,"2021-04-04","2021-04-10",NA,"2021-04-08"
"Solihull","P(Cases>300)",0,NA,NA,"2021-04-11","2021-04-17",NA,"2021-04-08"
"Solihull","P(Cases>300)",0,NA,NA,"2021-04-18","2021-04-24",NA,"2021-04-08"
"Solihull","P(Cases>50)",0.08,NA,NA,"2021-04-04","2021-04-10",NA,"2021-04-08"
"Solihull","P(Cases>50)",0.05,NA,NA,"2021-04-11","2021-04-17",NA,"2021-04-08"
"Solihull","P(Cases>50)",0.03,NA,NA,"2021-04-18","2021-04-24",NA,"2021-04-08"
"Solihull","P(Cases>500)",0,NA,NA,"2021-04-04","2021-04-10",NA,"2021-04-08"
"Solihull","P(Cases>500)",0,NA,NA,"2021-04-11","2021-04-17",NA,"2021-04-08"
"Solihull","P(Cases>500)",0,NA,NA,"2021-04-18","2021-04-24",NA,"2021-04-08"
"Solihull","P(R>1)",0.01,NA,NA,"2021-03-28","2021-04-03",NA,"2021-04-08"
"Solihull","R",0.79,0.66,0.94,"2021-04-05","2021-04-05",0.9,"2021-04-08"
"South Staffordshire","Cases",16.9,4.5,40.1,"2021-04-04","2021-04-10",0.9,"2021-04-08"
"South Staffordshire","Cases",11.6,0.9,33,"2021-04-11","2021-04-17",0.9,"2021-04-08"
"South Staffordshire","Cases",8,0,31.2,"2021-04-18","2021-04-24",0.9,"2021-04-08"
"South Staffordshire","Infections",43.7,24.7,71.9,"2021-03-21","2021-03-27",0.9,"2021-04-08"
"South Staffordshire","Infections",31.6,14.4,62.2,"2021-03-28","2021-04-03",0.9,"2021-04-08"
"South Staffordshire","Infections",22.4,8.2,56,"2021-04-04","2021-04-10",0.9,"2021-04-08"
"South Staffordshire","Infections",16.5,4.4,51.9,"2021-04-11","2021-04-17",0.9,"2021-04-08"
"South Staffordshire","Infections",11.8,2.3,48.5,"2021-04-18","2021-04-24",0.9,"2021-04-08"
"South Staffordshire","P(Cases>100)",0,NA,NA,"2021-04-04","2021-04-10",NA,"2021-04-08"
"South Staffordshire","P(Cases>100)",0,NA,NA,"2021-04-11","2021-04-17",NA,"2021-04-08"
"South Staffordshire","P(Cases>100)",0,NA,NA,"2021-04-18","2021-04-24",NA,"2021-04-08"
"South Staffordshire","P(Cases>20)",0.41,NA,NA,"2021-04-04","2021-04-10",NA,"2021-04-08"
"South Staffordshire","P(Cases>20)",0.23,NA,NA,"2021-04-11","2021-04-17",NA,"2021-04-08"
"South Staffordshire","P(Cases>20)",0.16,NA,NA,"2021-04-18","2021-04-24",NA,"2021-04-08"
"South Staffordshire","P(Cases>200)",0,NA,NA,"2021-04-04","2021-04-10",NA,"2021-04-08"
"South Staffordshire","P(Cases>200)",0,NA,NA,"2021-04-11","2021-04-17",NA,"2021-04-08"
"South Staffordshire","P(Cases>200)",0,NA,NA,"2021-04-18","2021-04-24",NA,"2021-04-08"
"South Staffordshire","P(Cases>300)",0,NA,NA,"2021-04-04","2021-04-10",NA,"2021-04-08"
"South Staffordshire","P(Cases>300)",0,NA,NA,"2021-04-11","2021-04-17",NA,"2021-04-08"
"South Staffordshire","P(Cases>300)",0,NA,NA,"2021-04-18","2021-04-24",NA,"2021-04-08"
"South Staffordshire","P(Cases>50)",0.02,NA,NA,"2021-04-04","2021-04-10",NA,"2021-04-08"
"South Staffordshire","P(Cases>50)",0.01,NA,NA,"2021-04-11","2021-04-17",NA,"2021-04-08"
"South Staffordshire","P(Cases>50)",0.01,NA,NA,"2021-04-18","2021-04-24",NA,"2021-04-08"
"South Staffordshire","P(Cases>500)",0,NA,NA,"2021-04-04","2021-04-10",NA,"2021-04-08"
"South Staffordshire","P(Cases>500)",0,NA,NA,"2021-04-11","2021-04-17",NA,"2021-04-08"
"South Staffordshire","P(Cases>500)",0,NA,NA,"2021-04-18","2021-04-24",NA,"2021-04-08"
"South Staffordshire","P(R>1)",0.01,NA,NA,"2021-03-28","2021-04-03",NA,"2021-04-08"
"South Staffordshire","R",0.71,0.54,0.92,"2021-04-05","2021-04-05",0.9,"2021-04-08"
"Stafford","Cases",11.8,2.2,28.7,"2021-04-04","2021-04-10",0.9,"2021-04-08"
"Stafford","Cases",8.1,0.7,24.3,"2021-04-11","2021-04-17",0.9,"2021-04-08"
"Stafford","Cases",5.9,0,20.6,"2021-04-18","2021-04-24",0.9,"2021-04-08"
"Stafford","Infections",36.9,22,60.9,"2021-03-21","2021-03-27",0.9,"2021-04-08"
"Stafford","Infections",27.1,13.2,50.7,"2021-03-28","2021-04-03",0.9,"2021-04-08"
"Stafford","Infections",19.5,7.8,44.1,"2021-04-04","2021-04-10",0.9,"2021-04-08"
"Stafford","Infections",14.2,4.6,37.2,"2021-04-11","2021-04-17",0.9,"2021-04-08"
"Stafford","Infections",9.7,2.5,31.4,"2021-04-18","2021-04-24",0.9,"2021-04-08"
"Stafford","P(Cases>100)",0,NA,NA,"2021-04-04","2021-04-10",NA,"2021-04-08"
"Stafford","P(Cases>100)",0,NA,NA,"2021-04-11","2021-04-17",NA,"2021-04-08"
"Stafford","P(Cases>100)",0,NA,NA,"2021-04-18","2021-04-24",NA,"2021-04-08"
"Stafford","P(Cases>20)",0.18,NA,NA,"2021-04-04","2021-04-10",NA,"2021-04-08"
"Stafford","P(Cases>20)",0.11,NA,NA,"2021-04-11","2021-04-17",NA,"2021-04-08"
"Stafford","P(Cases>20)",0.06,NA,NA,"2021-04-18","2021-04-24",NA,"2021-04-08"
"Stafford","P(Cases>200)",0,NA,NA,"2021-04-04","2021-04-10",NA,"2021-04-08"
"Stafford","P(Cases>200)",0,NA,NA,"2021-04-11","2021-04-17",NA,"2021-04-08"
"Stafford","P(Cases>200)",0,NA,NA,"2021-04-18","2021-04-24",NA,"2021-04-08"
"Stafford","P(Cases>300)",0,NA,NA,"2021-04-04","2021-04-10",NA,"2021-04-08"
"Stafford","P(Cases>300)",0,NA,NA,"2021-04-11","2021-04-17",NA,"2021-04-08"
"Stafford","P(Cases>300)",0,NA,NA,"2021-04-18","2021-04-24",NA,"2021-04-08"
"Stafford","P(Cases>50)",0,NA,NA,"2021-04-04","2021-04-10",NA,"2021-04-08"
"Stafford","P(Cases>50)",0,NA,NA,"2021-04-11","2021-04-17",NA,"2021-04-08"
"Stafford","P(Cases>50)",0,NA,NA,"2021-04-18","2021-04-24",NA,"2021-04-08"
"Stafford","P(Cases>500)",0,NA,NA,"2021-04-04","2021-04-10",NA,"2021-04-08"
"Stafford","P(Cases>500)",0,NA,NA,"2021-04-11","2021-04-17",NA,"2021-04-08"
"Stafford","P(Cases>500)",0,NA,NA,"2021-04-18","2021-04-24",NA,"2021-04-08"
"Stafford","P(R>1)",0,NA,NA,"2021-03-28","2021-04-03",NA,"2021-04-08"
"Stafford","R",0.72,0.6,0.86,"2021-04-05","2021-04-05",0.9,"2021-04-08"
"Staffordshire Moorlands","Cases",25.4,8.1,54.9,"2021-04-04","2021-04-10",0.9,"2021-04-08"
"Staffordshire Moorlands","Cases",21.3,5.1,50.8,"2021-04-11","2021-04-17",0.9,"2021-04-08"
"Staffordshire Moorlands","Cases",16.3,2,47.8,"2021-04-18","2021-04-24",0.9,"2021-04-08"
"Staffordshire Moorlands","Infections",109.6,64.3,175.1,"2021-03-21","2021-03-27",0.9,"2021-04-08"
"Staffordshire Moorlands","Infections",87.2,45.1,161,"2021-03-28","2021-04-03",0.9,"2021-04-08"
"Staffordshire Moorlands","Infections",70.9,29.7,154.7,"2021-04-04","2021-04-10",0.9,"2021-04-08"
"Staffordshire Moorlands","Infections",55.5,19.5,153.2,"2021-04-11","2021-04-17",0.9,"2021-04-08"
"Staffordshire Moorlands","Infections",44.8,12.3,142.4,"2021-04-18","2021-04-24",0.9,"2021-04-08"
"Staffordshire Moorlands","P(Cases>100)",0,NA,NA,"2021-04-04","2021-04-10",NA,"2021-04-08"
"Staffordshire Moorlands","P(Cases>100)",0,NA,NA,"2021-04-11","2021-04-17",NA,"2021-04-08"
"Staffordshire Moorlands","P(Cases>100)",0,NA,NA,"2021-04-18","2021-04-24",NA,"2021-04-08"
"Staffordshire Moorlands","P(Cases>20)",0.67,NA,NA,"2021-04-04","2021-04-10",NA,"2021-04-08"
"Staffordshire Moorlands","P(Cases>20)",0.54,NA,NA,"2021-04-11","2021-04-17",NA,"2021-04-08"
"Staffordshire Moorlands","P(Cases>20)",0.4,NA,NA,"2021-04-18","2021-04-24",NA,"2021-04-08"
"Staffordshire Moorlands","P(Cases>200)",0,NA,NA,"2021-04-04","2021-04-10",NA,"2021-04-08"
"Staffordshire Moorlands","P(Cases>200)",0,NA,NA,"2021-04-11","2021-04-17",NA,"2021-04-08"
"Staffordshire Moorlands","P(Cases>200)",0,NA,NA,"2021-04-18","2021-04-24",NA,"2021-04-08"
"Staffordshire Moorlands","P(Cases>300)",0,NA,NA,"2021-04-04","2021-04-10",NA,"2021-04-08"
"Staffordshire Moorlands","P(Cases>300)",0,NA,NA,"2021-04-11","2021-04-17",NA,"2021-04-08"
"Staffordshire Moorlands","P(Cases>300)",0,NA,NA,"2021-04-18","2021-04-24",NA,"2021-04-08"
"Staffordshire Moorlands","P(Cases>50)",0.08,NA,NA,"2021-04-04","2021-04-10",NA,"2021-04-08"
"Staffordshire Moorlands","P(Cases>50)",0.05,NA,NA,"2021-04-11","2021-04-17",NA,"2021-04-08"
"Staffordshire Moorlands","P(Cases>50)",0.04,NA,NA,"2021-04-18","2021-04-24",NA,"2021-04-08"
"Staffordshire Moorlands","P(Cases>500)",0,NA,NA,"2021-04-04","2021-04-10",NA,"2021-04-08"
"Staffordshire Moorlands","P(Cases>500)",0,NA,NA,"2021-04-11","2021-04-17",NA,"2021-04-08"
"Staffordshire Moorlands","P(Cases>500)",0,NA,NA,"2021-04-18","2021-04-24",NA,"2021-04-08"
"Staffordshire Moorlands","P(R>1)",0.04,NA,NA,"2021-03-28","2021-04-03",NA,"2021-04-08"
"Staffordshire Moorlands","R",0.79,0.63,0.99,"2021-04-05","2021-04-05",0.9,"2021-04-08"
"Stoke-on-Trent","Cases",49.6,28.2,79.3,"2021-04-04","2021-04-10",0.9,"2021-04-08"
"Stoke-on-Trent","Cases",42.2,20,76.6,"2021-04-11","2021-04-17",0.9,"2021-04-08"
"Stoke-on-Trent","Cases",35.6,13.7,72.2,"2021-04-18","2021-04-24",0.9,"2021-04-08"
"Stoke-on-Trent","Infections",140.4,100.2,196.6,"2021-03-21","2021-03-27",0.9,"2021-04-08"
"Stoke-on-Trent","Infections",117.5,71.9,183,"2021-03-28","2021-04-03",0.9,"2021-04-08"
"Stoke-on-Trent","Infections",98.8,50.5,177,"2021-04-04","2021-04-10",0.9,"2021-04-08"
"Stoke-on-Trent","Infections",83.8,34.9,172.7,"2021-04-11","2021-04-17",0.9,"2021-04-08"
"Stoke-on-Trent","Infections",70.4,24.9,172.4,"2021-04-18","2021-04-24",0.9,"2021-04-08"
"Stoke-on-Trent","P(Cases>100)",0.01,NA,NA,"2021-04-04","2021-04-10",NA,"2021-04-08"
"Stoke-on-Trent","P(Cases>100)",0.01,NA,NA,"2021-04-11","2021-04-17",NA,"2021-04-08"
"Stoke-on-Trent","P(Cases>100)",0.01,NA,NA,"2021-04-18","2021-04-24",NA,"2021-04-08"
"Stoke-on-Trent","P(Cases>20)",0.99,NA,NA,"2021-04-04","2021-04-10",NA,"2021-04-08"
"Stoke-on-Trent","P(Cases>20)",0.95,NA,NA,"2021-04-11","2021-04-17",NA,"2021-04-08"
"Stoke-on-Trent","P(Cases>20)",0.85,NA,NA,"2021-04-18","2021-04-24",NA,"2021-04-08"
"Stoke-on-Trent","P(Cases>200)",0,NA,NA,"2021-04-04","2021-04-10",NA,"2021-04-08"
"Stoke-on-Trent","P(Cases>200)",0,NA,NA,"2021-04-11","2021-04-17",NA,"2021-04-08"
"Stoke-on-Trent","P(Cases>200)",0,NA,NA,"2021-04-18","2021-04-24",NA,"2021-04-08"
"Stoke-on-Trent","P(Cases>300)",0,NA,NA,"2021-04-04","2021-04-10",NA,"2021-04-08"
"Stoke-on-Trent","P(Cases>300)",0,NA,NA,"2021-04-11","2021-04-17",NA,"2021-04-08"
"Stoke-on-Trent","P(Cases>300)",0,NA,NA,"2021-04-18","2021-04-24",NA,"2021-04-08"
"Stoke-on-Trent","P(Cases>50)",0.5,NA,NA,"2021-04-04","2021-04-10",NA,"2021-04-08"
"Stoke-on-Trent","P(Cases>50)",0.35,NA,NA,"2021-04-11","2021-04-17",NA,"2021-04-08"
"Stoke-on-Trent","P(Cases>50)",0.25,NA,NA,"2021-04-18","2021-04-24",NA,"2021-04-08"
"Stoke-on-Trent","P(Cases>500)",0,NA,NA,"2021-04-04","2021-04-10",NA,"2021-04-08"
"Stoke-on-Trent","P(Cases>500)",0,NA,NA,"2021-04-11","2021-04-17",NA,"2021-04-08"
"Stoke-on-Trent","P(Cases>500)",0,NA,NA,"2021-04-18","2021-04-24",NA,"2021-04-08"
"Stoke-on-Trent","P(R>1)",0.06,NA,NA,"2021-03-28","2021-04-03",NA,"2021-04-08"
"Stoke-on-Trent","R",0.84,0.67,1,"2021-04-05","2021-04-05",0.9,"2021-04-08"
"Stratford-on-Avon","Cases",32.1,12.5,61.1,"2021-04-04","2021-04-10",0.9,"2021-04-08"
"Stratford-on-Avon","Cases",25.1,7.1,59.6,"2021-04-11","2021-04-17",0.9,"2021-04-08"
"Stratford-on-Avon","Cases",21.2,3.9,59.6,"2021-04-18","2021-04-24",0.9,"2021-04-08"
"Stratford-on-Avon","Infections",89.4,54.2,136,"2021-03-21","2021-03-27",0.9,"2021-04-08"
"Stratford-on-Avon","Infections",76.1,37,131.1,"2021-03-28","2021-04-03",0.9,"2021-04-08"
"Stratford-on-Avon","Infections",62.3,23.4,133.1,"2021-04-04","2021-04-10",0.9,"2021-04-08"
"Stratford-on-Avon","Infections",52.8,15.3,130.6,"2021-04-11","2021-04-17",0.9,"2021-04-08"
"Stratford-on-Avon","Infections",43.4,9,136.7,"2021-04-18","2021-04-24",0.9,"2021-04-08"
"Stratford-on-Avon","P(Cases>100)",0,NA,NA,"2021-04-04","2021-04-10",NA,"2021-04-08"
"Stratford-on-Avon","P(Cases>100)",0,NA,NA,"2021-04-11","2021-04-17",NA,"2021-04-08"
"Stratford-on-Avon","P(Cases>100)",0.01,NA,NA,"2021-04-18","2021-04-24",NA,"2021-04-08"
"Stratford-on-Avon","P(Cases>20)",0.82,NA,NA,"2021-04-04","2021-04-10",NA,"2021-04-08"
"Stratford-on-Avon","P(Cases>20)",0.65,NA,NA,"2021-04-11","2021-04-17",NA,"2021-04-08"
"Stratford-on-Avon","P(Cases>20)",0.55,NA,NA,"2021-04-18","2021-04-24",NA,"2021-04-08"
"Stratford-on-Avon","P(Cases>200)",0,NA,NA,"2021-04-04","2021-04-10",NA,"2021-04-08"
"Stratford-on-Avon","P(Cases>200)",0,NA,NA,"2021-04-11","2021-04-17",NA,"2021-04-08"
"Stratford-on-Avon","P(Cases>200)",0,NA,NA,"2021-04-18","2021-04-24",NA,"2021-04-08"
"Stratford-on-Avon","P(Cases>300)",0,NA,NA,"2021-04-04","2021-04-10",NA,"2021-04-08"
"Stratford-on-Avon","P(Cases>300)",0,NA,NA,"2021-04-11","2021-04-17",NA,"2021-04-08"
"Stratford-on-Avon","P(Cases>300)",0,NA,NA,"2021-04-18","2021-04-24",NA,"2021-04-08"
"Stratford-on-Avon","P(Cases>50)",0.14,NA,NA,"2021-04-04","2021-04-10",NA,"2021-04-08"
"Stratford-on-Avon","P(Cases>50)",0.1,NA,NA,"2021-04-11","2021-04-17",NA,"2021-04-08"
"Stratford-on-Avon","P(Cases>50)",0.09,NA,NA,"2021-04-18","2021-04-24",NA,"2021-04-08"
"Stratford-on-Avon","P(Cases>500)",0,NA,NA,"2021-04-04","2021-04-10",NA,"2021-04-08"
"Stratford-on-Avon","P(Cases>500)",0,NA,NA,"2021-04-11","2021-04-17",NA,"2021-04-08"
"Stratford-on-Avon","P(Cases>500)",0,NA,NA,"2021-04-18","2021-04-24",NA,"2021-04-08"
"Stratford-on-Avon","P(R>1)",0.1,NA,NA,"2021-03-28","2021-04-03",NA,"2021-04-08"
"Stratford-on-Avon","R",0.83,0.63,1.05,"2021-04-05","2021-04-05",0.9,"2021-04-08"
"Tamworth","Cases",40.4,13,84.8,"2021-04-04","2021-04-10",0.9,"2021-04-08"
"Tamworth","Cases",32.6,6.8,78.2,"2021-04-11","2021-04-17",0.9,"2021-04-08"
"Tamworth","Cases",24.8,3.9,74.3,"2021-04-18","2021-04-24",0.9,"2021-04-08"
"Tamworth","Infections",116.2,68.1,187,"2021-03-21","2021-03-27",0.9,"2021-04-08"
"Tamworth","Infections",92.6,45,176.5,"2021-03-28","2021-04-03",0.9,"2021-04-08"
"Tamworth","Infections",73.8,28.6,164.7,"2021-04-04","2021-04-10",0.9,"2021-04-08"
"Tamworth","Infections",58.3,18.3,158.5,"2021-04-11","2021-04-17",0.9,"2021-04-08"
"Tamworth","Infections",46,10.3,151.8,"2021-04-18","2021-04-24",0.9,"2021-04-08"
"Tamworth","P(Cases>100)",0.02,NA,NA,"2021-04-04","2021-04-10",NA,"2021-04-08"
"Tamworth","P(Cases>100)",0.02,NA,NA,"2021-04-11","2021-04-17",NA,"2021-04-08"
"Tamworth","P(Cases>100)",0.02,NA,NA,"2021-04-18","2021-04-24",NA,"2021-04-08"
"Tamworth","P(Cases>20)",0.88,NA,NA,"2021-04-04","2021-04-10",NA,"2021-04-08"
"Tamworth","P(Cases>20)",0.75,NA,NA,"2021-04-11","2021-04-17",NA,"2021-04-08"
"Tamworth","P(Cases>20)",0.6,NA,NA,"2021-04-18","2021-04-24",NA,"2021-04-08"
"Tamworth","P(Cases>200)",0,NA,NA,"2021-04-04","2021-04-10",NA,"2021-04-08"
"Tamworth","P(Cases>200)",0,NA,NA,"2021-04-11","2021-04-17",NA,"2021-04-08"
"Tamworth","P(Cases>200)",0,NA,NA,"2021-04-18","2021-04-24",NA,"2021-04-08"
"Tamworth","P(Cases>300)",0,NA,NA,"2021-04-04","2021-04-10",NA,"2021-04-08"
"Tamworth","P(Cases>300)",0,NA,NA,"2021-04-11","2021-04-17",NA,"2021-04-08"
"Tamworth","P(Cases>300)",0,NA,NA,"2021-04-18","2021-04-24",NA,"2021-04-08"
"Tamworth","P(Cases>50)",0.34,NA,NA,"2021-04-04","2021-04-10",NA,"2021-04-08"
"Tamworth","P(Cases>50)",0.22,NA,NA,"2021-04-11","2021-04-17",NA,"2021-04-08"
"Tamworth","P(Cases>50)",0.16,NA,NA,"2021-04-18","2021-04-24",NA,"2021-04-08"
"Tamworth","P(Cases>500)",0,NA,NA,"2021-04-04","2021-04-10",NA,"2021-04-08"
"Tamworth","P(Cases>500)",0,NA,NA,"2021-04-11","2021-04-17",NA,"2021-04-08"
"Tamworth","P(Cases>500)",0,NA,NA,"2021-04-18","2021-04-24",NA,"2021-04-08"
"Tamworth","P(R>1)",0.05,NA,NA,"2021-03-28","2021-04-03",NA,"2021-04-08"
"Tamworth","R",0.79,0.61,0.99,"2021-04-05","2021-04-05",0.9,"2021-04-08"
"Telford and Wrekin","Cases",11.2,2.2,30.9,"2021-04-04","2021-04-10",0.9,"2021-04-08"
"Telford and Wrekin","Cases",8.4,0.6,30.3,"2021-04-11","2021-04-17",0.9,"2021-04-08"
"Telford and Wrekin","Cases",5.1,0,28.6,"2021-04-18","2021-04-24",0.9,"2021-04-08"
"Telford and Wrekin","Infections",29.3,15.1,50.8,"2021-03-21","2021-03-27",0.9,"2021-04-08"
"Telford and Wrekin","Infections",20.6,8.4,49,"2021-03-28","2021-04-03",0.9,"2021-04-08"
"Telford and Wrekin","Infections",14.8,4.6,44.4,"2021-04-04","2021-04-10",0.9,"2021-04-08"
"Telford and Wrekin","Infections",10.4,2,43.2,"2021-04-11","2021-04-17",0.9,"2021-04-08"
"Telford and Wrekin","Infections",7.1,1,40.8,"2021-04-18","2021-04-24",0.9,"2021-04-08"
"Telford and Wrekin","P(Cases>100)",0,NA,NA,"2021-04-04","2021-04-10",NA,"2021-04-08"
"Telford and Wrekin","P(Cases>100)",0,NA,NA,"2021-04-11","2021-04-17",NA,"2021-04-08"
"Telford and Wrekin","P(Cases>100)",0,NA,NA,"2021-04-18","2021-04-24",NA,"2021-04-08"
"Telford and Wrekin","P(Cases>20)",0.21,NA,NA,"2021-04-04","2021-04-10",NA,"2021-04-08"
"Telford and Wrekin","P(Cases>20)",0.15,NA,NA,"2021-04-11","2021-04-17",NA,"2021-04-08"
"Telford and Wrekin","P(Cases>20)",0.11,NA,NA,"2021-04-18","2021-04-24",NA,"2021-04-08"
"Telford and Wrekin","P(Cases>200)",0,NA,NA,"2021-04-04","2021-04-10",NA,"2021-04-08"
"Telford and Wrekin","P(Cases>200)",0,NA,NA,"2021-04-11","2021-04-17",NA,"2021-04-08"
"Telford and Wrekin","P(Cases>200)",0,NA,NA,"2021-04-18","2021-04-24",NA,"2021-04-08"
"Telford and Wrekin","P(Cases>300)",0,NA,NA,"2021-04-04","2021-04-10",NA,"2021-04-08"
"Telford and Wrekin","P(Cases>300)",0,NA,NA,"2021-04-11","2021-04-17",NA,"2021-04-08"
"Telford and Wrekin","P(Cases>300)",0,NA,NA,"2021-04-18","2021-04-24",NA,"2021-04-08"
"Telford and Wrekin","P(Cases>50)",0,NA,NA,"2021-04-04","2021-04-10",NA,"2021-04-08"
"Telford and Wrekin","P(Cases>50)",0.01,NA,NA,"2021-04-11","2021-04-17",NA,"2021-04-08"
"Telford and Wrekin","P(Cases>50)",0.01,NA,NA,"2021-04-18","2021-04-24",NA,"2021-04-08"
"Telford and Wrekin","P(Cases>500)",0,NA,NA,"2021-04-04","2021-04-10",NA,"2021-04-08"
"Telford and Wrekin","P(Cases>500)",0,NA,NA,"2021-04-11","2021-04-17",NA,"2021-04-08"
"Telford and Wrekin","P(Cases>500)",0,NA,NA,"2021-04-18","2021-04-24",NA,"2021-04-08"
"Telford and Wrekin","P(R>1)",0.05,NA,NA,"2021-03-28","2021-04-03",NA,"2021-04-08"
"Telford and Wrekin","R",0.7,0.51,0.99,"2021-04-05","2021-04-05",0.9,"2021-04-08"
"Walsall","Cases",46.6,23.6,78,"2021-04-04","2021-04-10",0.9,"2021-04-08"
"Walsall","Cases",40.9,17.6,77.6,"2021-04-11","2021-04-17",0.9,"2021-04-08"
"Walsall","Cases",34.9,11.3,81.2,"2021-04-18","2021-04-24",0.9,"2021-04-08"
"Walsall","Infections",101.1,68.8,145,"2021-03-21","2021-03-27",0.9,"2021-04-08"
"Walsall","Infections",87.1,50.6,145.7,"2021-03-28","2021-04-03",0.9,"2021-04-08"
"Walsall","Infections",76,36.9,147.3,"2021-04-04","2021-04-10",0.9,"2021-04-08"
"Walsall","Infections",65,25.7,150.1,"2021-04-11","2021-04-17",0.9,"2021-04-08"
"Walsall","Infections",55.5,18.1,155.8,"2021-04-18","2021-04-24",0.9,"2021-04-08"
"Walsall","P(Cases>100)",0,NA,NA,"2021-04-04","2021-04-10",NA,"2021-04-08"
"Walsall","P(Cases>100)",0.02,NA,NA,"2021-04-11","2021-04-17",NA,"2021-04-08"
"Walsall","P(Cases>100)",0.02,NA,NA,"2021-04-18","2021-04-24",NA,"2021-04-08"
"Walsall","P(Cases>20)",0.98,NA,NA,"2021-04-04","2021-04-10",NA,"2021-04-08"
"Walsall","P(Cases>20)",0.92,NA,NA,"2021-04-11","2021-04-17",NA,"2021-04-08"
"Walsall","P(Cases>20)",0.8,NA,NA,"2021-04-18","2021-04-24",NA,"2021-04-08"
"Walsall","P(Cases>200)",0,NA,NA,"2021-04-04","2021-04-10",NA,"2021-04-08"
"Walsall","P(Cases>200)",0,NA,NA,"2021-04-11","2021-04-17",NA,"2021-04-08"
"Walsall","P(Cases>200)",0,NA,NA,"2021-04-18","2021-04-24",NA,"2021-04-08"
"Walsall","P(Cases>300)",0,NA,NA,"2021-04-04","2021-04-10",NA,"2021-04-08"
"Walsall","P(Cases>300)",0,NA,NA,"2021-04-11","2021-04-17",NA,"2021-04-08"
"Walsall","P(Cases>300)",0,NA,NA,"2021-04-18","2021-04-24",NA,"2021-04-08"
"Walsall","P(Cases>50)",0.42,NA,NA,"2021-04-04","2021-04-10",NA,"2021-04-08"
"Walsall","P(Cases>50)",0.33,NA,NA,"2021-04-11","2021-04-17",NA,"2021-04-08"
"Walsall","P(Cases>50)",0.25,NA,NA,"2021-04-18","2021-04-24",NA,"2021-04-08"
"Walsall","P(Cases>500)",0,NA,NA,"2021-04-04","2021-04-10",NA,"2021-04-08"
"Walsall","P(Cases>500)",0,NA,NA,"2021-04-11","2021-04-17",NA,"2021-04-08"
"Walsall","P(Cases>500)",0,NA,NA,"2021-04-18","2021-04-24",NA,"2021-04-08"
"Walsall","P(R>1)",0.13,NA,NA,"2021-03-28","2021-04-03",NA,"2021-04-08"
"Walsall","R",0.86,0.69,1.06,"2021-04-05","2021-04-05",0.9,"2021-04-08"
"Warwick","Cases",16.8,4.9,37.8,"2021-04-04","2021-04-10",0.9,"2021-04-08"
"Warwick","Cases",13.3,2.1,34.4,"2021-04-11","2021-04-17",0.9,"2021-04-08"
"Warwick","Cases",9.8,0.7,32.3,"2021-04-18","2021-04-24",0.9,"2021-04-08"
"Warwick","Infections",43.3,25,67.8,"2021-03-21","2021-03-27",0.9,"2021-04-08"
"Warwick","Infections",33.1,15.2,62.4,"2021-03-28","2021-04-03",0.9,"2021-04-08"
"Warwick","Infections",25.2,9.1,58.6,"2021-04-04","2021-04-10",0.9,"2021-04-08"
"Warwick","Infections",19.3,5,54,"2021-04-11","2021-04-17",0.9,"2021-04-08"
"Warwick","Infections",14.9,2.6,52.3,"2021-04-18","2021-04-24",0.9,"2021-04-08"
"Warwick","P(Cases>100)",0,NA,NA,"2021-04-04","2021-04-10",NA,"2021-04-08"
"Warwick","P(Cases>100)",0,NA,NA,"2021-04-11","2021-04-17",NA,"2021-04-08"
"Warwick","P(Cases>100)",0,NA,NA,"2021-04-18","2021-04-24",NA,"2021-04-08"
"Warwick","P(Cases>20)",0.36,NA,NA,"2021-04-04","2021-04-10",NA,"2021-04-08"
"Warwick","P(Cases>20)",0.26,NA,NA,"2021-04-11","2021-04-17",NA,"2021-04-08"
"Warwick","P(Cases>20)",0.19,NA,NA,"2021-04-18","2021-04-24",NA,"2021-04-08"
"Warwick","P(Cases>200)",0,NA,NA,"2021-04-04","2021-04-10",NA,"2021-04-08"
"Warwick","P(Cases>200)",0,NA,NA,"2021-04-11","2021-04-17",NA,"2021-04-08"
"Warwick","P(Cases>200)",0,NA,NA,"2021-04-18","2021-04-24",NA,"2021-04-08"
"Warwick","P(Cases>300)",0,NA,NA,"2021-04-04","2021-04-10",NA,"2021-04-08"
"Warwick","P(Cases>300)",0,NA,NA,"2021-04-11","2021-04-17",NA,"2021-04-08"
"Warwick","P(Cases>300)",0,NA,NA,"2021-04-18","2021-04-24",NA,"2021-04-08"
"Warwick","P(Cases>50)",0.01,NA,NA,"2021-04-04","2021-04-10",NA,"2021-04-08"
"Warwick","P(Cases>50)",0.01,NA,NA,"2021-04-11","2021-04-17",NA,"2021-04-08"
"Warwick","P(Cases>50)",0.01,NA,NA,"2021-04-18","2021-04-24",NA,"2021-04-08"
"Warwick","P(Cases>500)",0,NA,NA,"2021-04-04","2021-04-10",NA,"2021-04-08"
"Warwick","P(Cases>500)",0,NA,NA,"2021-04-11","2021-04-17",NA,"2021-04-08"
"Warwick","P(Cases>500)",0,NA,NA,"2021-04-18","2021-04-24",NA,"2021-04-08"
"Warwick","P(R>1)",0.03,NA,NA,"2021-03-28","2021-04-03",NA,"2021-04-08"
"Warwick","R",0.76,0.58,0.97,"2021-04-05","2021-04-05",0.9,"2021-04-08"
"West Midlands","Cases",30.2,13.4,65.4,"2021-04-04","2021-04-10",0.9,"2021-04-08"
"West Midlands","Cases",24.3,8.7,70.6,"2021-04-11","2021-04-17",0.9,"2021-04-08"
"West Midlands","Cases",19.8,5.3,75,"2021-04-18","2021-04-24",0.9,"2021-04-08"
"West Midlands","Infections",59.1,38.1,93.3,"2021-03-21","2021-03-27",0.9,"2021-04-08"
"West Midlands","Infections",48,24.6,96.1,"2021-03-28","2021-04-03",0.9,"2021-04-08"
"West Midlands","Infections",39.5,15.1,105.4,"2021-04-04","2021-04-10",0.9,"2021-04-08"
"West Midlands","Infections",32.1,9.2,117.6,"2021-04-11","2021-04-17",0.9,"2021-04-08"
"West Midlands","Infections",26.1,5.5,132,"2021-04-18","2021-04-24",0.9,"2021-04-08"
"West Midlands","P(Cases>100)",0.01,NA,NA,"2021-04-04","2021-04-10",NA,"2021-04-08"
"West Midlands","P(Cases>100)",0.01,NA,NA,"2021-04-11","2021-04-17",NA,"2021-04-08"
"West Midlands","P(Cases>100)",0.03,NA,NA,"2021-04-18","2021-04-24",NA,"2021-04-08"
"West Midlands","P(Cases>20)",0.8,NA,NA,"2021-04-04","2021-04-10",NA,"2021-04-08"
"West Midlands","P(Cases>20)",0.63,NA,NA,"2021-04-11","2021-04-17",NA,"2021-04-08"
"West Midlands","P(Cases>20)",0.49,NA,NA,"2021-04-18","2021-04-24",NA,"2021-04-08"
"West Midlands","P(Cases>200)",0,NA,NA,"2021-04-04","2021-04-10",NA,"2021-04-08"
"West Midlands","P(Cases>200)",0,NA,NA,"2021-04-11","2021-04-17",NA,"2021-04-08"
"West Midlands","P(Cases>200)",0,NA,NA,"2021-04-18","2021-04-24",NA,"2021-04-08"
"West Midlands","P(Cases>300)",0,NA,NA,"2021-04-04","2021-04-10",NA,"2021-04-08"
"West Midlands","P(Cases>300)",0,NA,NA,"2021-04-11","2021-04-17",NA,"2021-04-08"
"West Midlands","P(Cases>300)",0,NA,NA,"2021-04-18","2021-04-24",NA,"2021-04-08"
"West Midlands","P(Cases>50)",0.14,NA,NA,"2021-04-04","2021-04-10",NA,"2021-04-08"
"West Midlands","P(Cases>50)",0.12,NA,NA,"2021-04-11","2021-04-17",NA,"2021-04-08"
"West Midlands","P(Cases>50)",0.13,NA,NA,"2021-04-18","2021-04-24",NA,"2021-04-08"
"West Midlands","P(Cases>500)",0,NA,NA,"2021-04-04","2021-04-10",NA,"2021-04-08"
"West Midlands","P(Cases>500)",0,NA,NA,"2021-04-11","2021-04-17",NA,"2021-04-08"
"West Midlands","P(Cases>500)",0,NA,NA,"2021-04-18","2021-04-24",NA,"2021-04-08"
"West Midlands","P(R>1)",0.14,NA,NA,"2021-03-28","2021-04-03",NA,"2021-04-08"
"West Midlands","R",0.81,0.56,1.13,"2021-04-05","2021-04-05",0.9,"2021-04-08"
"Wolverhampton","Cases",46.9,25.6,78.5,"2021-04-04","2021-04-10",0.9,"2021-04-08"
"Wolverhampton","Cases",42.7,17.9,83.6,"2021-04-11","2021-04-17",0.9,"2021-04-08"
"Wolverhampton","Cases",38.9,13.1,88.1,"2021-04-18","2021-04-24",0.9,"2021-04-08"
"Wolverhampton","Infections",91.3,62.8,128.9,"2021-03-21","2021-03-27",0.9,"2021-04-08"
"Wolverhampton","Infections",82.8,50.1,138.5,"2021-03-28","2021-04-03",0.9,"2021-04-08"
"Wolverhampton","Infections",75.2,39.9,149.6,"2021-04-04","2021-04-10",0.9,"2021-04-08"
"Wolverhampton","Infections",69.1,29.8,168.5,"2021-04-11","2021-04-17",0.9,"2021-04-08"
"Wolverhampton","Infections",62,22.7,186.5,"2021-04-18","2021-04-24",0.9,"2021-04-08"
"Wolverhampton","P(Cases>100)",0,NA,NA,"2021-04-04","2021-04-10",NA,"2021-04-08"
"Wolverhampton","P(Cases>100)",0.02,NA,NA,"2021-04-11","2021-04-17",NA,"2021-04-08"
"Wolverhampton","P(Cases>100)",0.03,NA,NA,"2021-04-18","2021-04-24",NA,"2021-04-08"
"Wolverhampton","P(Cases>20)",0.98,NA,NA,"2021-04-04","2021-04-10",NA,"2021-04-08"
"Wolverhampton","P(Cases>20)",0.91,NA,NA,"2021-04-11","2021-04-17",NA,"2021-04-08"
"Wolverhampton","P(Cases>20)",0.86,NA,NA,"2021-04-18","2021-04-24",NA,"2021-04-08"
"Wolverhampton","P(Cases>200)",0,NA,NA,"2021-04-04","2021-04-10",NA,"2021-04-08"
"Wolverhampton","P(Cases>200)",0,NA,NA,"2021-04-11","2021-04-17",NA,"2021-04-08"
"Wolverhampton","P(Cases>200)",0,NA,NA,"2021-04-18","2021-04-24",NA,"2021-04-08"
"Wolverhampton","P(Cases>300)",0,NA,NA,"2021-04-04","2021-04-10",NA,"2021-04-08"
"Wolverhampton","P(Cases>300)",0,NA,NA,"2021-04-11","2021-04-17",NA,"2021-04-08"
"Wolverhampton","P(Cases>300)",0,NA,NA,"2021-04-18","2021-04-24",NA,"2021-04-08"
"Wolverhampton","P(Cases>50)",0.42,NA,NA,"2021-04-04","2021-04-10",NA,"2021-04-08"
"Wolverhampton","P(Cases>50)",0.34,NA,NA,"2021-04-11","2021-04-17",NA,"2021-04-08"
"Wolverhampton","P(Cases>50)",0.31,NA,NA,"2021-04-18","2021-04-24",NA,"2021-04-08"
"Wolverhampton","P(Cases>500)",0,NA,NA,"2021-04-04","2021-04-10",NA,"2021-04-08"
"Wolverhampton","P(Cases>500)",0,NA,NA,"2021-04-11","2021-04-17",NA,"2021-04-08"
"Wolverhampton","P(Cases>500)",0,NA,NA,"2021-04-18","2021-04-24",NA,"2021-04-08"
"Wolverhampton","P(R>1)",0.23,NA,NA,"2021-03-28","2021-04-03",NA,"2021-04-08"
"Wolverhampton","R",0.91,0.74,1.13,"2021-04-05","2021-04-05",0.9,"2021-04-08"
"Worcester","Cases",19.6,4.9,48.1,"2021-04-04","2021-04-10",0.9,"2021-04-08"
"Worcester","Cases",14.7,1.2,47.1,"2021-04-11","2021-04-17",0.9,"2021-04-08"
"Worcester","Cases",10.8,0,46.1,"2021-04-18","2021-04-24",0.9,"2021-04-08"
"Worcester","Infections",50.1,26.3,86.1,"2021-03-21","2021-03-27",0.9,"2021-04-08"
"Worcester","Infections",37.6,14.6,79.4,"2021-03-28","2021-04-03",0.9,"2021-04-08"
"Worcester","Infections",28.8,7.9,80,"2021-04-04","2021-04-10",0.9,"2021-04-08"
"Worcester","Infections",20.9,3.8,84,"2021-04-11","2021-04-17",0.9,"2021-04-08"
"Worcester","Infections",15,1.8,84,"2021-04-18","2021-04-24",0.9,"2021-04-08"
"Worcester","P(Cases>100)",0,NA,NA,"2021-04-04","2021-04-10",NA,"2021-04-08"
"Worcester","P(Cases>100)",0,NA,NA,"2021-04-11","2021-04-17",NA,"2021-04-08"
"Worcester","P(Cases>100)",0,NA,NA,"2021-04-18","2021-04-24",NA,"2021-04-08"
"Worcester","P(Cases>20)",0.5,NA,NA,"2021-04-04","2021-04-10",NA,"2021-04-08"
"Worcester","P(Cases>20)",0.36,NA,NA,"2021-04-11","2021-04-17",NA,"2021-04-08"
"Worcester","P(Cases>20)",0.27,NA,NA,"2021-04-18","2021-04-24",NA,"2021-04-08"
"Worcester","P(Cases>200)",0,NA,NA,"2021-04-04","2021-04-10",NA,"2021-04-08"
"Worcester","P(Cases>200)",0,NA,NA,"2021-04-11","2021-04-17",NA,"2021-04-08"
"Worcester","P(Cases>200)",0,NA,NA,"2021-04-18","2021-04-24",NA,"2021-04-08"
"Worcester","P(Cases>300)",0,NA,NA,"2021-04-04","2021-04-10",NA,"2021-04-08"
"Worcester","P(Cases>300)",0,NA,NA,"2021-04-11","2021-04-17",NA,"2021-04-08"
"Worcester","P(Cases>300)",0,NA,NA,"2021-04-18","2021-04-24",NA,"2021-04-08"
"Worcester","P(Cases>50)",0.04,NA,NA,"2021-04-04","2021-04-10",NA,"2021-04-08"
"Worcester","P(Cases>50)",0.05,NA,NA,"2021-04-11","2021-04-17",NA,"2021-04-08"
"Worcester","P(Cases>50)",0.04,NA,NA,"2021-04-18","2021-04-24",NA,"2021-04-08"
"Worcester","P(Cases>500)",0,NA,NA,"2021-04-04","2021-04-10",NA,"2021-04-08"
"Worcester","P(Cases>500)",0,NA,NA,"2021-04-11","2021-04-17",NA,"2021-04-08"
"Worcester","P(Cases>500)",0,NA,NA,"2021-04-18","2021-04-24",NA,"2021-04-08"
"Worcester","P(R>1)",0.09,NA,NA,"2021-03-28","2021-04-03",NA,"2021-04-08"
"Worcester","R",0.74,0.5,1.05,"2021-04-05","2021-04-05",0.9,"2021-04-08"
"Wychavon","Cases",19.6,6.3,44,"2021-04-04","2021-04-10",0.9,"2021-04-08"
"Wychavon","Cases",14.9,3.1,40.1,"2021-04-11","2021-04-17",0.9,"2021-04-08"
"Wychavon","Cases",11.8,1.6,36.9,"2021-04-18","2021-04-24",0.9,"2021-04-08"
"Wychavon","Infections",56.7,34.1,91.7,"2021-03-21","2021-03-27",0.9,"2021-04-08"
"Wychavon","Infections",43.6,21.9,85,"2021-03-28","2021-04-03",0.9,"2021-04-08"
"Wychavon","Infections",33.7,13.7,77.4,"2021-04-04","2021-04-10",0.9,"2021-04-08"
"Wychavon","Infections",25.7,8.4,68,"2021-04-11","2021-04-17",0.9,"2021-04-08"
"Wychavon","Infections",19.8,5.3,66.5,"2021-04-18","2021-04-24",0.9,"2021-04-08"
"Wychavon","P(Cases>100)",0,NA,NA,"2021-04-04","2021-04-10",NA,"2021-04-08"
"Wychavon","P(Cases>100)",0,NA,NA,"2021-04-11","2021-04-17",NA,"2021-04-08"
"Wychavon","P(Cases>100)",0,NA,NA,"2021-04-18","2021-04-24",NA,"2021-04-08"
"Wychavon","P(Cases>20)",0.5,NA,NA,"2021-04-04","2021-04-10",NA,"2021-04-08"
"Wychavon","P(Cases>20)",0.33,NA,NA,"2021-04-11","2021-04-17",NA,"2021-04-08"
"Wychavon","P(Cases>20)",0.23,NA,NA,"2021-04-18","2021-04-24",NA,"2021-04-08"
"Wychavon","P(Cases>200)",0,NA,NA,"2021-04-04","2021-04-10",NA,"2021-04-08"
"Wychavon","P(Cases>200)",0,NA,NA,"2021-04-11","2021-04-17",NA,"2021-04-08"
"Wychavon","P(Cases>200)",0,NA,NA,"2021-04-18","2021-04-24",NA,"2021-04-08"
"Wychavon","P(Cases>300)",0,NA,NA,"2021-04-04","2021-04-10",NA,"2021-04-08"
"Wychavon","P(Cases>300)",0,NA,NA,"2021-04-11","2021-04-17",NA,"2021-04-08"
"Wychavon","P(Cases>300)",0,NA,NA,"2021-04-18","2021-04-24",NA,"2021-04-08"
"Wychavon","P(Cases>50)",0.02,NA,NA,"2021-04-04","2021-04-10",NA,"2021-04-08"
"Wychavon","P(Cases>50)",0.02,NA,NA,"2021-04-11","2021-04-17",NA,"2021-04-08"
"Wychavon","P(Cases>50)",0.02,NA,NA,"2021-04-18","2021-04-24",NA,"2021-04-08"
"Wychavon","P(Cases>500)",0,NA,NA,"2021-04-04","2021-04-10",NA,"2021-04-08"
"Wychavon","P(Cases>500)",0,NA,NA,"2021-04-11","2021-04-17",NA,"2021-04-08"
"Wychavon","P(Cases>500)",0,NA,NA,"2021-04-18","2021-04-24",NA,"2021-04-08"
"Wychavon","P(R>1)",0.02,NA,NA,"2021-03-28","2021-04-03",NA,"2021-04-08"
"Wychavon","R",0.76,0.62,0.94,"2021-04-05","2021-04-05",0.9,"2021-04-08"
"Wyre Forest","Cases",30.7,10.9,64.3,"2021-04-04","2021-04-10",0.9,"2021-04-08"
"Wyre Forest","Cases",22.8,4.9,56.4,"2021-04-11","2021-04-17",0.9,"2021-04-08"
"Wyre Forest","Cases",17.8,3,51.5,"2021-04-18","2021-04-24",0.9,"2021-04-08"
"Wyre Forest","Infections",100.9,61.9,158.6,"2021-03-21","2021-03-27",0.9,"2021-04-08"
"Wyre Forest","Infections",77.6,39.2,141.5,"2021-03-28","2021-04-03",0.9,"2021-04-08"
"Wyre Forest","Infections",60.2,23.8,127.9,"2021-04-04","2021-04-10",0.9,"2021-04-08"
"Wyre Forest","Infections",45.9,15,118.2,"2021-04-11","2021-04-17",0.9,"2021-04-08"
"Wyre Forest","Infections",34.8,8.5,110.4,"2021-04-18","2021-04-24",0.9,"2021-04-08"
"Wyre Forest","P(Cases>100)",0,NA,NA,"2021-04-04","2021-04-10",NA,"2021-04-08"
"Wyre Forest","P(Cases>100)",0,NA,NA,"2021-04-11","2021-04-17",NA,"2021-04-08"
"Wyre Forest","P(Cases>100)",0,NA,NA,"2021-04-18","2021-04-24",NA,"2021-04-08"
"Wyre Forest","P(Cases>20)",0.75,NA,NA,"2021-04-04","2021-04-10",NA,"2021-04-08"
"Wyre Forest","P(Cases>20)",0.55,NA,NA,"2021-04-11","2021-04-17",NA,"2021-04-08"
"Wyre Forest","P(Cases>20)",0.43,NA,NA,"2021-04-18","2021-04-24",NA,"2021-04-08"
"Wyre Forest","P(Cases>200)",0,NA,NA,"2021-04-04","2021-04-10",NA,"2021-04-08"
"Wyre Forest","P(Cases>200)",0,NA,NA,"2021-04-11","2021-04-17",NA,"2021-04-08"
"Wyre Forest","P(Cases>200)",0,NA,NA,"2021-04-18","2021-04-24",NA,"2021-04-08"
"Wyre Forest","P(Cases>300)",0,NA,NA,"2021-04-04","2021-04-10",NA,"2021-04-08"
"Wyre Forest","P(Cases>300)",0,NA,NA,"2021-04-11","2021-04-17",NA,"2021-04-08"
"Wyre Forest","P(Cases>300)",0,NA,NA,"2021-04-18","2021-04-24",NA,"2021-04-08"
"Wyre Forest","P(Cases>50)",0.16,NA,NA,"2021-04-04","2021-04-10",NA,"2021-04-08"
"Wyre Forest","P(Cases>50)",0.08,NA,NA,"2021-04-11","2021-04-17",NA,"2021-04-08"
"Wyre Forest","P(Cases>50)",0.06,NA,NA,"2021-04-18","2021-04-24",NA,"2021-04-08"
"Wyre Forest","P(Cases>500)",0,NA,NA,"2021-04-04","2021-04-10",NA,"2021-04-08"
"Wyre Forest","P(Cases>500)",0,NA,NA,"2021-04-11","2021-04-17",NA,"2021-04-08"
"Wyre Forest","P(Cases>500)",0,NA,NA,"2021-04-18","2021-04-24",NA,"2021-04-08"
"Wyre Forest","P(R>1)",0.02,NA,NA,"2021-03-28","2021-04-03",NA,"2021-04-08"
"Wyre Forest","R",0.76,0.58,0.95,"2021-04-05","2021-04-05",0.9,"2021-04-08"
